,label,"First 5 Principal Components of Local Phase Quantization (LPQ) features
Local Phase Quantization (LPQ) features",,,,,First 5 Principal Components of Pyramid of Histogram of Gradients (PHOG) features,,,,
Airheads_000519240_00000005.mat,1,-0.00081724,0.0034698,-0.0075171,-0.010912,-0.0054296,0.0095511,0.0067755,0.0035193,-0.00099964,0.0043082
AlexEmma_000225840_00000024.mat,1,-0.0019823,-0.00026502,0.00016096,-0.010747,0.00082863,-0.00049553,-0.0047233,-0.0053007,2.90E-05,0.0024337
AlexEmma_000846120_00000015.mat,1,-0.0030116,0.013759,-0.0087055,0.0019429,0.0061133,0.01235,-0.0044805,-6.89E-05,0.0022386,0.0063954
AlexEmma_000958320_00000022.mat,1,0.00022408,0.0048942,-0.0054845,-0.0044262,-0.0098829,-0.0012781,-0.0030751,-0.0022199,0.00015534,0.00037549
AlexEmma_000958320_00000048.mat,1,-0.00044217,-0.0023756,-0.0024227,-0.010372,0.0021083,0.00092784,0.00082337,-0.0031689,-0.0039125,0.0051525
AlexEmma_000958320_00000069.mat,1,-0.0011055,0.0021197,-0.0032849,-0.0064262,-0.011666,0.0025168,-0.0088354,-0.0023136,-0.0041014,0.001039
AlexEmma_001907600_00000047.mat,1,-0.0012627,-0.022519,-0.0037013,-0.0056274,-0.009489,-0.013399,0.0034253,-0.0070648,0.0036605,0.0025155
AlexEmma_001911440_00000042.mat,1,-0.0011693,-0.022367,-0.014832,-0.0011779,-0.011345,-0.016939,0.0048949,-0.012611,0.0053144,0.0066979
AlexEmma_004108160_00000005.mat,1,0.0020192,-0.0021889,0.0016372,-0.0078953,-0.0076976,0.014068,0.0079642,0.0068933,-0.001063,0.0011439
AlexEmma_004541880_00000063.mat,1,-0.0045181,-0.013468,-0.0054261,-0.0030916,-0.0023567,0.010618,0.0068644,-0.0049586,0.0011314,0.0027233
AlexEmma_011823160_00000002.mat,1,-0.0026443,-0.0080293,-0.014288,-0.0058553,-0.0030814,-0.01372,0.0063709,-0.0033444,0.00086169,0.0098901
AlexEmma_011823160_00000020.mat,1,-0.002961,-0.006497,-0.01055,-0.0050085,-0.0038343,-0.012835,0.0059831,0.00047243,-0.00024567,0.0073289
AlexEmma_011824880_00000036.mat,1,-0.0017628,-0.018495,-0.0085933,-0.0051268,-0.0081491,-0.013014,0.006319,-0.0084818,0.0035157,0.0077901
AlexEmma_011824880_00000041.mat,1,-0.00046242,-0.0093245,-0.0083331,-0.0087151,-0.0069696,-0.005116,0.0060904,-0.0048525,-0.00099424,0.0024985
AlexEmma_011824880_00000048.mat,1,-0.0016586,-0.010739,-0.0079359,-0.0098256,-0.0058599,-0.0089289,0.0077286,-0.001417,0.0025427,0.0065222
AlexEmma_011824880_00000076.mat,1,-0.0022622,-0.0068676,-0.0080289,-0.0049804,-0.0078652,-0.0078594,0.010013,0.0023534,0.0017103,0.0064359
AndSoonCameDarkness_005445120_00000021.mat,1,-0.0041429,-0.0083947,0.0037405,0.00094134,0.0052127,0.0044249,-0.0065056,-0.0032856,-0.011229,-0.0025118
AndSoonCameDarkness_005445120_00000053.mat,1,-0.0011216,0.0009297,0.0068987,-0.00050649,0.0112,-0.0035101,-0.0099428,0.0039688,-0.0019801,-0.0025555
Bridesmaids_000505440_00000001.mat,1,-0.0058813,0.028475,-0.0096436,0.010083,0.0048148,-0.0078677,-0.0058213,0.001409,0.0045138,-0.0037919
Bridesmaids_000505440_00000053.mat,1,-0.0031186,0.032147,-0.013418,0.004672,0.0021396,-0.004804,-0.0056556,0.00013423,0.0038519,-0.0041281
Bridesmaids_000633160_00000001.mat,1,-0.0018061,-0.029363,0.044885,0.0075166,0.0020237,0.0026599,-0.0057933,0.001646,0.0030582,0.0055054
Bridesmaids_004329400_00000016.mat,1,-0.0029347,0.012217,-0.0039011,-0.0028043,-0.00075018,0.0052883,0.0007187,-0.0017683,0.001271,-0.0060045
Bridesmaids_004518040_00000015.mat,1,-0.0050227,-0.017054,0.0035851,-0.0038893,-0.00042261,0.0093417,-0.0024214,-0.0013027,0.0034852,0.0034381
Bridesmaids_011346520_00000050.mat,1,-0.0014403,-0.011222,0.008509,-0.00023923,-0.0003599,-0.0026784,0.0059518,0.010766,-0.0055396,0.0055861
Bridesmaids_012258000_00000059.mat,1,-0.0050371,-0.0048558,-0.011638,-0.0044611,0.00040298,-0.0054158,0.0083807,0.001181,-0.0057574,-0.0023598
Bridesmaids_012317840_00000001.mat,1,-0.0024266,-0.017464,0.0030123,-0.0013373,-0.0015357,-0.0030522,-0.0004246,-0.00459,-0.0018715,-0.0045899
Bridesmaids_012317840_00000014.mat,1,-0.0040089,-0.012437,-0.0030043,-0.0035653,-0.00037296,0.0060265,0.0045371,0.0013976,0.0013232,-0.007328
Bridesmaids_012330560_00000001.mat,1,-0.0017702,-0.0084568,0.0066546,-0.0045153,0.0013009,0.0050888,0.0043552,0.0026725,-0.00076537,-0.0059968
Bridesmaids_012332520_00000001.mat,1,-0.0022576,-0.012847,0.0054116,0.00016245,-0.0033449,-0.0053552,0.0096722,-0.0078622,-0.0074288,0.0086351
Bridesmaids_012332520_00000011.mat,1,-0.0035384,-0.011047,-0.0062452,0.0028336,0.0028952,-0.0096616,0.0080819,-0.005276,-0.0030369,0.0051468
Bridesmaids_012332520_00000016.mat,1,-0.0043712,-0.01031,-0.012958,0.003382,-0.0019525,-0.0071176,0.0082688,-0.0073442,-0.0022577,-0.00018211
Bridesmaids_012404000_00000001.mat,1,-0.0035079,-0.006741,-0.0057242,3.08E-05,0.0004322,-0.014378,0.0069539,-0.0050529,0.0035775,0.0077118
Bridesmaids_012921200_00000001.mat,1,-0.0052663,-0.01373,-0.011711,0.00026713,0.0044454,-0.0067014,-0.0030156,-0.0050023,0.0015167,-0.01172
Contraband_011817120_00000011.mat,1,-0.0019229,0.02151,0.012498,0.00099183,0.0030594,0.0040714,-0.013814,-0.0052915,-0.0029126,0.0050357
CryingGame_003415240_00000005.mat,1,-0.0034,-0.0023921,-0.0074692,0.00014056,0.0041433,-0.01087,0.0008546,-0.0053146,-0.0016845,0.0018592
CryingGame_003415240_00000019.mat,1,0.00040425,0.0032016,0.00089774,-0.0016135,-9.35E-05,-0.0064105,0.00090482,0.0083445,-0.003192,0.0012925
CryingGame_013249040_00000040.mat,1,-0.0045632,0.0043219,0.0074584,0.011655,0.0016407,-0.002266,-0.011177,0.0053497,-0.0067411,0.0024694
DecemberBoys_003642720_00000001.mat,1,-0.0016493,0.0073396,-4.24E-05,0.0032616,-0.0050959,0.0038817,0.013693,0.0056363,-0.0082722,-0.0034125
DecemberBoys_003642720_00000012.mat,1,-0.00027935,0.010563,-0.0017705,-0.008248,-0.00473,0.0080115,0.010726,-0.0072464,-0.002619,0.002202
DecemberBoys_003642720_00000058.mat,1,0.00012009,0.0093292,-0.0021157,-0.012016,-0.0044257,0.0059932,0.011014,0.0042765,-0.0036438,0.0026771
DeepBlueSea_005737640_00000091.mat,1,-7.91E-05,0.034971,0.0047666,-0.010163,0.0069582,0.003081,-0.0078868,0.0017879,-0.0073303,0.0021912
DeepBlueSea_012801400_00000011.mat,1,-0.001459,-0.012878,0.0076937,-0.0097576,-0.00073469,0.0017714,-0.0041431,-0.0030254,9.18E-05,0.0043961
DeepBlueSea_012801400_00000048.mat,1,-0.00213,-0.011126,0.0045962,-0.011067,-0.0043471,-0.0021171,-0.0052348,-0.0016657,0.00054628,-0.00064051
Descendants_003858520_00000022.mat,1,-0.00373,0.0043942,0.00055101,-0.0083147,0.012913,-0.0036536,-0.0050979,0.0062116,-0.0019136,0.0054875
GhostShip_011515080_00000073.mat,1,6.26E-05,-0.00042933,-8.95E-06,-0.013468,0.0016655,0.007089,0.00080649,0.0034118,-0.0048122,-0.0034177
GirlWithAPearlEarring_005524480_00000031.mat,1,-0.0053487,-0.0010839,-0.01219,0.0078554,-0.0080551,0.0077203,0.013565,0.0029872,0.0062915,-0.00669
GirlWithAPearlEarring_005526040_00000007.mat,1,-0.0042278,-0.011176,0.0037662,0.0055613,0.010582,-0.003008,-0.0029852,-0.0046213,-0.002663,-0.0016144
GirlWithAPearlEarring_012432920_00000021.mat,1,-0.0013715,-0.0092533,-2.71E-05,0.016635,-0.0056284,0.00074431,-0.0091403,-0.0086923,-0.00032459,0.0046358
GirlWithAPearlEarring_012432920_00000031.mat,1,-0.0015065,0.011606,0.03203,0.006974,-0.0050312,-0.00068306,-0.008885,0.00010779,-0.0041655,0.002562
HarryPotterAndOrderOPhoenix_015256413_00000011.mat,1,-0.0041063,0.019265,-0.0016824,0.0084434,-0.0028855,0.006091,0.0054821,-0.003749,0.01647,-0.0076189
HarryPotter_Deathly_Hallows_1_000046280_00000017.mat,1,-0.0029778,0.02052,-0.015543,0.0068957,-0.008752,0.00069612,0.0053414,-0.0029007,-0.015278,-0.0047521
HarryPotter_Deathly_Hallows_1_000046280_00000081.mat,1,-0.0026554,0.020734,-0.010664,0.0096263,-0.0032683,-0.00011187,0.0022262,-0.010637,-0.013132,-0.0045526
HarryPotter_Deathly_Hallows_1_000046280_00000091.mat,1,-0.0042227,0.021871,-0.010958,0.0086481,-0.0085199,0.0014339,0.001498,-0.009725,-0.014254,-0.0039295
HarryPotter_Deathly_Hallows_1_001425880_00000062.mat,1,-0.0021384,0.010668,-0.0062448,-0.0047535,-0.0025332,0.0022103,0.0050917,0.001954,0.0042866,-0.0033327
HarryPotter_Deathly_Hallows_1_010758520_00000002.mat,1,0.00018083,-0.017269,-0.0028306,-0.011251,-0.010107,-0.00049335,0.01023,-0.00092172,-0.0041511,-0.0032157
HarryPotter_Deathly_Hallows_1_011317280_00000044.mat,1,0.0015074,0.019261,-0.0032851,-0.013921,0.0037147,0.0038625,-0.0021242,0.0010569,0.0013794,-0.0022911
HarryPotter_Deathly_Hallows_1_011419400_00000001.mat,1,-0.0019031,-0.00036273,0.016935,-0.00085197,-0.0010369,0.0054786,-0.0045993,-0.0031744,0.0014018,0.0031651
HarryPotter_GobletOfFire_004924334_00000004.mat,1,-0.0041587,-0.015492,-0.0038254,-0.0086751,0.012051,-0.0048947,-0.005991,0.0017722,-0.00027879,-0.0023777
HarryPotter_Half_Blood_Prince_000029301_00000001.mat,1,-0.0035431,0.028603,-0.0021607,0.011616,-0.0022545,0.0031692,0.0028451,0.0059502,0.0056156,-0.0082057
HarryPotter_Half_Blood_Prince_002409374_00000004.mat,1,-0.003555,0.01987,-0.0081971,0.0045938,-0.0010265,-0.0074337,0.001898,0.0061957,0.0015097,0.012552
HarryPotter_Half_Blood_Prince_005938934_00000039.mat,1,-0.0067809,0.00571,-0.01158,0.0151,0.0049884,-0.010065,-0.0019479,-0.0015323,-0.00046639,-0.003421
HarryPotter_PhilosopherStone_000507614_00000006.mat,1,-0.002887,-0.016588,-0.00021962,0.0061746,-0.0023688,0.010041,-0.0030994,-0.0021012,0.010498,-0.0025977
HarryPotter_PhilosopherStone_000507614_00000033.mat,1,-0.0012993,-0.020275,-0.0012944,0.0060728,-0.0048173,0.010036,-4.10E-05,-0.0040885,0.0089601,-0.00454
HarryPotter_PhilosopherStone_001519934_00000076.mat,1,-0.00053999,0.0040051,0.0057199,-0.0098225,0.00020507,0.008203,-0.0024926,-0.0064289,0.001804,-0.0001421
HarryPotter_PhilosopherStone_001549894_00000025.mat,1,-0.0015944,0.0079929,0.0034429,-0.0017081,0.0019936,0.0082761,-0.0013447,-0.0037206,0.0022921,-0.0022234
IAmSam_003343120_00000058.mat,1,-0.0053436,0.0078803,-0.0023883,0.0083389,0.014422,-0.0096549,-0.0047259,-0.00072608,0.00020576,0.0015779
IAmSam_013844800_00000074.mat,1,-0.0015898,-0.012634,-0.00047369,0.0061825,-0.0074477,0.0096675,-0.0044559,-0.0031846,0.0088628,0.0018159
Juno_001934160_00000047.mat,1,-0.0036815,0.0070973,0.0019629,-0.0066919,0.010598,0.01119,0.0024974,0.005291,0.0007044,-0.0003415
Juno_001934160_00000075.mat,1,-0.0034539,0.010414,0.0060987,-0.0060227,0.0029863,0.01274,0.0016969,0.003996,0.0011585,0.0029202
LittleManhattan_004317294_00000033.mat,1,-0.003871,-0.023339,-0.00016651,0.0002619,0.0018112,-0.011753,0.00079929,0.0054948,0.0019036,-0.0079783
LittleManhattan_010116283_00000006.mat,1,-0.0042441,0.00012252,0.0071301,0.0025182,0.0080473,0.0092008,-0.0012211,0.00084929,-0.0006965,-0.004478
LittleManhattan_010116283_00000027.mat,1,-3.96E-05,-0.0086777,0.017494,-0.010735,0.00059576,-0.0095403,-0.0027704,0.00047637,-0.0033724,0.0041831
LittleManhattan_012019363_00000002.mat,1,-0.0037109,-0.013,0.020378,0.0058961,0.0093712,0.010973,0.0069216,0.0050832,-0.0020524,-0.0017073
MarotAtTheWedding_011010680_00000043.mat,1,-0.0029797,-0.0054257,-0.0057613,-0.0039742,0.0052347,0.0024969,0.0055981,-0.010683,-0.0045749,0.002848
MissMarch_000546640_00000019.mat,1,-0.0054746,-0.002378,-0.015873,0.007469,-0.0073835,-0.0064833,-0.0078817,-0.001757,-0.0010016,-0.0028756
MissMarch_003042640_00000026.mat,1,-0.00063337,0.0062322,-0.0029473,-0.015896,0.0020285,0.0018551,-0.0017612,0.00087291,-0.0010661,0.0029067
MissMarch_003042640_00000045.mat,1,0.0012325,0.008598,-0.006832,-0.01488,0.0018123,0.0063872,-0.00091251,0.0050997,0.0020046,0.0023445
MissMarch_003042640_00000055.mat,1,0.0021853,0.013519,0.0048912,-0.018744,0.0039603,0.0041698,-0.0064926,0.0029989,0.00078326,0.0040329
MissMarch_004417200_00000013.mat,1,-0.0012806,0.0041746,0.0072593,-0.0085993,0.0098398,0.0023785,-0.011314,-0.0019872,-0.0044725,-0.00079396
MissMarch_004423640_00000028.mat,1,-0.0041269,0.0096368,0.0093183,-0.0030688,0.013775,0.0016612,-0.0094823,-0.00024283,-0.0024839,-0.0042894
MissMarch_004423640_00000062.mat,1,-0.0037452,0.0089895,-0.00059486,-0.0028927,0.015873,0.0011174,-0.0086034,-0.0041624,-0.0029197,0.00031146
NanyDiaries_011359760_00000038.mat,1,-0.0035437,-0.0065801,0.00098946,0.0066649,0.0063339,-0.0046147,-0.010598,-0.0088973,-0.00072206,-0.0059575
NanyDiaries_012335760_00000006.mat,1,0.0046879,0.007618,0.023071,-0.0079162,-0.0055626,0.00356,-0.012905,-0.001635,-0.0064359,0.0045219
NanyDiaries_012335760_00000021.mat,1,-0.0032777,-0.013739,0.014181,0.0022914,-0.0024235,0.0019466,-0.0087151,-0.0028876,-0.0063079,-0.00309
NotSuitableForChildren_002137000_00000003.mat,1,-0.0015371,0.0084781,0.00032797,-0.0071397,-0.0048556,0.0039832,-0.0085738,-0.010527,9.83E-05,0.0020199
NotSuitableForChildren_002137000_00000057.mat,1,-0.0015684,0.0046276,-0.0047175,-0.0098511,-0.0041155,0.0055952,-0.0059705,-0.0021894,0.0022599,0.0029176
OceansEleven_001416400_00000048.mat,1,0.00029797,0.0092352,0.0069564,-0.007327,-0.01358,0.006199,-0.0029128,0.0026152,0.00704,-0.0025974
OceansEleven_001416400_00000066.mat,1,-0.0011824,-0.0025036,-0.0055136,-0.004014,-0.0081879,-0.0072391,-0.0020787,-0.002655,0.0029003,-0.0095525
OceansEleven_001533480_00000081.mat,1,-0.00059766,0.011066,0.0035029,-0.0035691,-0.0052478,0.0020865,0.00069245,0.0033774,0.0027959,-0.008256
OceansEleven_005015240_00000061.mat,1,-0.0014236,0.020735,-0.00037014,0.0026868,0.002423,-0.0020429,0.004727,0.00036966,-0.003112,0.010394
OceansEleven_005846280_00000037.mat,1,0.044838,0.017984,-0.0014472,-0.0012301,-0.0098709,0.0069583,0.0028469,0.005083,0.0038428,0.0014897
OceansEleven_005846280_00000054.mat,1,-0.00022451,0.025379,-0.0014213,-0.00044337,-0.0059197,-0.0073067,3.12E-05,-0.0042199,0.0019807,0.0096396
OceansEleven_013542000_00000047.mat,1,-0.0031376,0.034272,0.006949,0.0055311,0.00075631,0.0085226,-0.0090204,0.0024922,-0.0057317,-0.0027574
OceansThirteen_011442920_00000015.mat,1,0.00051763,0.0057557,0.0029993,-0.01042,-0.0081486,0.0085675,-0.0087352,0.0017667,0.002451,0.00080679
OceansThirteen_012720200_00000036.mat,1,0.0022316,0.01056,0.0092625,-0.017413,-0.0019716,0.0041257,-0.0042355,0.0009333,-0.004518,-0.00040984
OceansThirteen_012738600_00000057.mat,1,0.00088792,0.046673,0.0079193,-0.012235,-0.0012446,-0.0008385,-0.0031578,0.0031007,0.0046654,0.0044459
OceansTwelve_002551440_00000006.mat,1,8.59E-05,0.0090632,0.0011647,-0.0016538,-0.0078109,-0.0049567,-0.00031325,-0.0025217,-0.0025649,0.004844
OceansTwelve_011833280_00000020.mat,1,-0.0025541,0.001568,0.0090969,0.0040285,0.012523,-0.0089158,-0.0039161,0.0039418,-0.0012405,0.0016141
OceansTwelve_011833280_00000042.mat,1,-0.0030394,0.00089476,0.0078503,-0.0028552,0.0084924,-0.0082147,-0.0030621,0.0067815,-0.00072826,0.0026673
OneFlewOverCuckooNest_001821420_00000001.mat,1,-0.0010396,-0.0018641,0.003064,-0.0048001,0.0038125,-0.0013151,-0.0088063,-0.0077704,-0.00032014,-0.00024169
21_010330280_00000013.mat,2,-0.005157,-0.017985,-0.024458,0.00083006,-0.0020339,-0.0079642,-0.005549,-0.0037699,-0.0001479,-0.0027526
AboutABoy_010940087_00000013.mat,2,0.0001541,-0.018883,0.0076468,-0.0055303,-0.0033281,-0.008981,0.0087478,-0.00034998,-0.0019279,0.011018
AboutABoy_010940087_00000024.mat,2,-0.0012367,-0.021997,0.014273,-0.00012845,-0.00020094,-0.0059479,0.0076861,-0.0070972,0.001013,0.0083883
AboutABoy_010940087_00000040.mat,2,-0.0011701,-0.015637,0.0028305,-0.00041672,-0.010515,-0.0031475,0.0081117,-0.0046497,-0.0027629,0.0077715
AboutABoy_012126048_00000012.mat,2,-0.0015761,-0.0041356,-0.0086636,-0.0035124,0.0054891,0.0034448,0.000677,-0.0079409,0.0042409,9.11E-05
AlexEmma_004117920_00000105.mat,2,-0.0011231,-0.00066044,9.40E-05,-0.008983,-0.0050896,0.012213,0.0074814,0.0088041,-0.0021794,0.001708
AlexEmma_005542400_00000020.mat,2,0.001428,-0.0082374,0.0028753,-0.010148,-0.0045401,0.0081307,0.0017954,0.0010812,0.0017496,0.0036813
AmericanHistoryX_000647360_00000015.mat,2,-0.0044845,0.0028872,-0.0010964,0.0019331,0.0066912,0.0024015,-0.0045023,-0.0045183,-0.002344,-0.0074905
AmericanHistoryX_012427760_00000011.mat,2,-0.0065098,0.0013837,-0.015999,0.016761,-0.0018829,0.0057757,-0.012015,0.006896,-0.0014403,0.0037649
Bridesmaids_000519240_00000057.mat,2,-0.0010395,0.026179,2.16E-05,-0.0014817,0.0033446,0.0065154,-0.0068588,-0.0058016,0.00020145,-0.0033229
Bridesmaids_001847600_00000001.mat,2,-0.0037278,-0.0063151,-0.0065928,-0.0009702,0.0053566,-0.0062934,-0.0083007,0.010102,-0.0023178,-0.0030821
Bridesmaids_004523000_00000001.mat,2,-0.0042138,-0.018563,-0.010252,-0.0036662,-0.0019804,0.0048976,0.0051096,-0.0059663,0.0021202,-0.0040727
Bridesmaids_004523000_00000034.mat,2,-0.0044925,-0.018244,-0.0085587,-0.0036848,0.0020521,0.0047522,0.0045501,-0.0083308,0.0016737,-0.0011184
ChangeUp_000505720_00000033.mat,2,-0.003145,-0.005929,0.0015288,-0.0097295,0.0078943,-0.0047812,0.00044384,0.0010784,0.00074019,0.0011093
ChangeUp_003110680_00000003.mat,2,-0.0041646,-0.0020775,-0.0012968,-0.0045569,-0.00054415,0.010862,0.0066841,-0.00059434,0.0018944,-0.0044594
CryingGame_013249040_00000050.mat,2,-0.0047646,-0.0032331,-0.0070273,0.0032254,0.0075652,-0.0081792,-0.0067958,0.0014333,-0.001039,-0.0040552
DecemberBoys_001529720_00000001.mat,2,0.0013602,-0.00048568,0.018783,-0.014185,0.00083704,0.0067085,-0.00769,-0.0016963,0.0036435,0.006196
DecemberBoys_002838640_00000097.mat,2,0.0035959,0.013892,0.0041849,-0.0098141,-0.0081057,0.0037111,-0.0067658,0.0030021,0.0064541,0.00057419
Descendants_004931320_00000014.mat,2,-0.0024486,-0.0060421,-0.0028672,-0.0005862,-0.0079376,0.012117,0.01055,-0.0024274,0.003518,0.0040048
Descendants_005217360_00000063.mat,2,0.00019479,0.00487,-0.0071442,0.0037596,-0.0058969,0.0060544,0.017791,-0.0056629,-0.0041178,0.00018987
Halloween_004540080_00000030.mat,2,0.00065525,0.028584,0.0037696,-0.0050254,-0.0045064,0.0079692,-0.0059093,-0.00029806,0.000314,0.002632
Hangover_000738334_00000060.mat,2,-0.0033224,-0.022778,-9.91E-05,-0.0066582,0.0038892,-0.0050239,-0.0052659,-0.0048151,0.0025252,-0.0077996
Hangover_010046254_00000049.mat,2,-0.0019152,0.0084132,-0.010329,-0.0031939,-0.005604,-0.0071929,-0.0016531,-0.0025201,0.0039018,-0.0066217
Hangover_010046254_00000068.mat,2,-0.004791,-0.00088611,-0.0011919,0.0059552,-0.0091591,0.0081066,-0.0059339,-0.00028907,0.0077672,-0.00097069
Hangover_012553854_00000031.mat,2,-0.0063856,-0.015994,-0.016532,-0.0010908,-0.0099065,-0.0067037,0.0010796,0.0019489,-0.0020441,0.0087365
Hangover_012553854_00000043.mat,2,-0.0021103,-0.019821,0.0035588,-0.0055669,-0.0035273,-0.0084556,-0.0043956,-0.0060378,0.0043834,0.00046619
HarryPotter_Deathly_Hallows_1_001425880_00000013.mat,2,-0.00078305,0.0148,-0.0078447,-0.0091391,-0.0053237,0.0026549,0.0033653,0.0036404,0.0047619,-0.0029568
HarryPotter_Deathly_Hallows_1_003307280_00000014.mat,2,-0.0039129,0.00046351,-0.018268,-0.0019068,0.010019,-0.0074012,-0.0070886,0.0037225,-0.00050744,-0.0016175
HarryPotter_Half_Blood_Prince_005637734_00000001.mat,2,0.0051266,0.014591,-0.0018696,-0.012422,-0.0011248,0.0045855,-0.0027086,0.0055742,-0.0015456,0.0016971
HarryPotter_Half_Blood_Prince_005637734_00000074.mat,2,-0.0015088,0.011625,0.0020941,-0.015715,0.0019224,0.0030826,-0.001428,0.0063875,-0.00077687,0.0012504
HarryPotter_PhilosopherStone_001549894_00000001.mat,2,-0.0014978,0.012439,0.0024907,0.0035462,-0.00095583,0.010271,0.00055087,-0.0030249,0.0048758,-0.0049309
HauntingMollyHartely_002326760_00000018.mat,2,-0.0013976,0.0057918,0.0026587,-0.0077641,-0.0046243,0.0062172,0.0053177,0.002735,0.0035345,0.00036991
HauntingMollyHartely_002326760_00000046.mat,2,-0.0018896,0.013568,0.0087067,-0.0052575,-0.0039089,0.008871,-0.00079609,0.0024582,0.0089204,-0.0073089
Informant_000946654_00000045.mat,2,-0.0015716,-0.019315,0.0015298,0.00094295,0.0003388,-0.0077032,0.0038854,-0.0011937,-0.0081873,-0.0086919
Informant_000946654_00000058.mat,2,0.00016229,-0.0036146,-0.0071203,-0.0075125,-0.012784,0.0063235,-0.0044059,0.0063893,-9.65E-05,-0.0046834
Informant_001016054_00000011.mat,2,-0.0011104,-0.00068553,-0.00047995,0.0053276,0.006326,0.0065056,-0.010346,0.0064027,-0.0030099,-0.0010966
Informant_004436174_00000090.mat,2,-0.0018475,-0.016583,0.021762,-0.00038809,0.0021205,0.0094484,-0.0037852,-0.0059946,0.0020321,0.0016492
ItsComplicated_013607568_00000019.mat,2,-0.00015344,0.0072019,0.0017911,-0.0123,-0.00043422,0.00392,0.0023269,0.0033585,-0.0061409,-0.00099021
Juno_003321880_00000052.mat,2,-0.0042939,-0.00021311,-0.011592,0.0058406,0.0036251,-0.011515,0.0017282,0.0054354,0.00041978,0.0039579
LittleManhattan_004353174_00000044.mat,2,-0.0046987,-0.018326,-0.020029,0.011447,-0.0057084,0.0098279,0.0088666,0.0022603,0.0090739,-0.0059917
LittleManhattan_004848763_00000037.mat,2,-0.0021686,-0.017608,0.0049548,-0.0013556,0.0024318,-0.0098268,0.00013125,0.011992,-0.0026189,0.0046918
MarotAtTheWedding_005206720_00000003.mat,2,-0.0017346,-0.0069289,-0.0073222,-0.0050609,-0.0084182,0.0029253,0.009138,0.0033507,0.0019567,-0.0019072
MissMarch_000157760_00000017.mat,2,-0.0034175,0.0077076,0.0031443,0.010257,-0.0050556,-0.0055491,-0.0083307,0.0006847,-0.0012234,-0.0020943
MissMarch_000236840_00000001.mat,2,-0.0018437,-0.010591,0.015804,-0.0031962,0.0061542,0.0055293,-0.0070218,0.0017164,0.0016576,-0.00091548
MissMarch_000236840_00000026.mat,2,-0.0057128,-0.029387,0.0081063,0.0024929,0.0099669,-0.0053609,-0.0032148,0.0038831,-0.00019091,0.0027911
MissMarch_002616840_00000018.mat,2,-0.0017794,-0.0089259,0.00095508,-0.0093209,0.002619,0.0058274,-0.0009597,-0.0047666,-0.003252,-2.13E-05
MissMarch_002616840_00000024.mat,2,-0.0027004,-0.0062798,0.0017687,-0.0077081,-0.004601,0.0042973,0.0013257,-0.0028919,-0.0022167,-0.00048889
MissMarch_003021680_00000018.mat,2,-0.00055271,0.0056373,0.0023993,-0.0067179,0.0026194,-0.002538,-0.0053991,-0.0012881,-0.00058608,0.0025116
NanyDiaries_001809000_00000047.mat,2,-0.0017436,-0.0066875,0.0013774,-0.0041314,-0.0045533,0.0082678,-0.0070946,-0.00010465,-0.0023275,0.0049467
OceansEleven_002010400_00000001.mat,2,-0.0033257,0.03366,0.0017892,0.0039501,-0.0016081,0.0062237,-0.0065558,0.00023465,0.0015579,-0.0014083
OceansEleven_002010400_00000015.mat,2,-0.0044034,0.038492,0.0031048,0.010457,0.00019661,-0.0028791,-0.0054678,-0.0063309,0.0041389,-0.0069202
OceansEleven_005419880_00000038.mat,2,0.0072738,0.049601,0.022602,-0.0093499,-0.01038,0.0016216,-0.0044078,-0.00023266,0.0054266,0.0043929
OceansEleven_005419880_00000050.mat,2,0.0092916,0.04953,0.019471,-0.010871,-0.0096669,0.002704,-0.0042839,-0.0033878,0.0057901,0.0049757
OceansThirteen-010619400_00000087.mat,2,0.0023655,0.050737,0.01352,0.014078,-0.0068864,0.0035292,-0.0072592,0.0047723,-0.0050007,-0.0012606
OceansThirteen_000923600_00000024.mat,2,0.0014433,-0.0070617,0.015915,-0.0064581,-0.0061475,0.0018375,-0.0080735,-0.0033155,0.0011126,0.0052877
OceansThirteen_000923600_00000054.mat,2,0.0083785,-0.01039,0.043965,-0.010484,0.0021856,0.005882,-0.011099,-0.001292,0.00098564,0.0055304
OceansThirteen_000923600_00000078.mat,2,-0.00133,0.0091775,0.017029,-0.00093678,0.0042555,0.0035755,-0.0087338,0.0024911,-0.0051695,0.001569
OceansThirteen_010619400_00000057.mat,2,9.14E-05,0.054775,0.01794,0.0052573,-0.0068754,0.0013289,-0.0088476,-0.0035389,0.0012751,-0.0018517
OceansThirteen_014429160_00000037.mat,2,0.0018012,0.0039255,0.013467,-4.86E-05,-0.0025165,0.0016681,-0.0098971,0.0015695,0.00099579,0.0013795
OceansTwelve_002850840_00000013.mat,2,0.0013546,-0.0096056,0.023719,-0.0045568,-0.0052956,0.0040344,-0.010695,-0.0005542,-0.00271,0.0050154
OceansTwelve_002850840_00000016.mat,2,-0.0016106,0.0084465,0.021104,0.0056739,-0.00078128,0.0039648,-0.012901,-0.0025072,-0.0047676,-0.0007419
OceansTwelve_013606640_00000007.mat,2,-0.0036134,-0.0064495,0.0075084,0.0084596,-0.0026326,0.0077742,-0.002977,-0.0079111,0.0067646,0.00010392
OrangeAndSunshine_000941320_00000033.mat,2,-0.0016232,0.02992,-0.0024979,0.0026657,0.0021982,0.012656,0.0034334,0.0067863,-0.00088066,-0.0014221
PrettyInPink_003845400_00000009.mat,2,-0.0048051,-0.0080688,-0.016213,0.0020449,-0.0048035,-0.0021213,0.0035283,0.011736,-0.0036367,-0.0031374
Terminal_004946320_00000067.mat,2,-0.00028844,-0.025262,0.0044334,0.0099286,-0.0037223,-0.0060021,0.0080439,-0.010324,-0.00090835,0.0071644
TheShining_000745280_00000062.mat,2,-0.0032452,-0.012286,0.0011562,0.0019378,0.0063835,-0.0029618,-0.0026579,-0.0085274,0.0025516,-0.0045897
TheShining_000808160_00000077.mat,2,0.00033597,-0.004446,-0.0040537,-0.0089492,0.0066344,-0.0069343,-0.00052136,-0.0015514,0.0010928,-0.0046691
TheShining_005047920_00000015.mat,2,-0.0019997,0.0052943,0.0030536,-0.0077476,0.0036006,0.009878,0.0039929,0.0065915,0.0019665,-0.00011925
ThereIsSomethingAboutMary_001604560_00000001.mat,2,-0.0054901,-0.00010238,-0.0074095,0.0052855,0.014815,-0.0060005,-0.0047311,0.001508,-0.00055293,-0.0033916
ThereIsSomethingAboutMary_001604560_00000007.mat,2,-0.0032942,0.0062278,-0.0017888,-0.00075047,0.016717,-0.0040741,-0.010337,0.0064753,-0.00057969,0.00019557
ThereIsSomethingAboutMary_002123400_00000001.mat,2,-0.0039183,-0.020004,-0.00027557,0.00090478,0.0061498,-0.0010593,0.0045314,-0.0090199,-0.0065742,-0.0047141
ThereIsSomethingAboutMary_002123400_00000016.mat,2,-0.0039004,-0.015755,-0.0015366,-0.0016633,0.0033906,0.0037672,0.008508,0.00019411,-0.0088646,-0.00563
ThereIsSomethingAboutMary_014003120_00000019.mat,2,-0.00013283,-0.0037666,0.013557,-0.0077676,0.00026306,0.0046748,-0.01368,0.0020179,0.0022388,0.0044138
Town_001059240_00000092.mat,2,-0.0011898,0.0023619,0.0030435,-0.0013338,-0.0021178,0.0073274,0.01203,0.0037254,-0.0074333,-0.00033187
YouveGotAMail_004825734_00000046.mat,2,-0.0031523,-0.01735,-0.0044294,0.00017089,0.0018514,0.010144,-0.0039481,-0.00023932,0.0049061,-0.0019141
21_012152480_00000001.mat,3,-0.0024122,-0.0091589,0.0086572,0.00039958,0.0045942,-0.0063806,-0.010361,-0.0067243,0.00068238,-0.00029369
21_014735000_00000001.mat,3,-0.0028455,0.014855,0.0046833,0.01032,-0.014378,0.0084685,0.0011077,-0.0051745,0.020399,-0.0038711
21_014735000_00000003.mat,3,-0.002588,0.013727,0.0036339,0.011717,-0.01384,0.0073636,-6.40E-05,-0.0067624,0.019907,-0.0024256
21_014735000_00000008.mat,3,-0.0030974,0.01845,0.0021571,0.011252,-0.014325,0.006276,-0.00057245,-0.0093035,0.018602,-0.0014556
21_014735000_00000011.mat,3,-0.0033895,0.017254,0.0027836,0.012517,-0.015001,0.0067624,7.62E-05,-0.0082109,0.019386,-0.0022732
21_015145521_00000013.mat,3,-0.0055896,0.01459,-0.014797,0.0037863,-0.0055379,-0.0072807,0.0026193,0.0030722,-0.00082595,-0.0055587
21_015145521_00000023.mat,3,-0.006693,0.0089144,-0.023332,0.012551,-0.0019954,-0.013733,-0.0031411,-2.26E-05,-0.0010871,-0.01021
21_015145521_00000044.mat,3,-0.0063549,0.010144,-0.022731,0.013474,-0.003651,-0.014931,-0.0028243,0.00058319,-0.0012287,-0.010356
21_015145521_00000076.mat,3,-0.0073043,0.010877,-0.02561,0.01678,-0.0038507,-0.015211,-0.0023512,0.0010614,-0.00048839,-0.010926
AlexEmma_004108160_00000035.mat,3,-0.0036118,-0.020232,0.00073951,-0.0023191,-0.010067,0.0024913,0.013508,-0.0078044,-0.0057884,-0.00019741
AmericanHistoryX_003635200_00000003.mat,3,-0.0041146,-0.0010124,-0.0073748,0.0023909,0.0031609,-0.0042637,-0.0077602,-0.0037871,0.00063951,-0.0022119
Bridesmaids_001604640_00000016.mat,3,0.00028383,0.0012438,0.0068851,-0.0086995,0.0063275,-0.0009578,0.00063135,-0.0020432,0.0021337,0.0015831
Bridesmaids_001604640_00000024.mat,3,0.0014635,-0.00020304,0.008104,-0.012684,0.0054289,0.0010243,0.00067965,-0.0030074,0.0027508,0.0011259
ChangeUp_003339560_00000024.mat,3,-0.0011099,-0.0035422,0.00067777,-0.015853,-0.00033821,0.013718,0.0026476,0.0051272,0.00083077,-0.00080153
CryingGame_001143440_00000048.mat,3,0.0018088,-0.034702,0.043154,0.020407,-0.011857,-0.0045749,-0.0074938,0.0036475,-1.49E-05,0.00076205
DeepBlueSea_003259040_00000018.mat,3,-0.0067784,0.00081289,0.0085884,0.01148,-0.0080507,-0.0033851,-0.0051583,0.00070171,0.0040261,0.0053791
DeepBlueSea_004442200_00000001.mat,3,0.0028346,-0.010073,0.040385,-0.0061718,-0.005478,0.00020615,-0.0082574,0.001748,0.00081809,0.0028158
DeepBlueSea_004442200_00000013.mat,3,-0.00057886,0.0060967,0.013124,0.0028625,-0.0010235,0.0093379,-0.0069994,0.0023534,0.0042049,0.0025055
DeepBlueSea_004628560_00000015.mat,3,0.0019196,0.027086,0.010876,-0.0044416,-0.0060724,0.0045609,-0.0088208,0.00097229,0.00053135,0.00028836
DeepBlueSea_005814360_00000012.mat,3,-0.0047145,0.012113,-0.0034611,-0.0048672,-0.0032894,-0.0072022,0.0034095,-0.00054676,-0.0047846,-0.0051287
DeepBlueSea_005814360_00000026.mat,3,-0.0056242,0.013102,-0.0034561,-0.0029871,-0.0026183,7.32E-05,-0.0026217,0.0049873,-0.009454,-0.0047608
DeepBlueSea_005814360_00000032.mat,3,0.003136,-0.012027,-0.0028045,-0.015829,-0.0018823,-0.00061789,0.0053593,-0.0052183,-0.0056304,-0.0033846
DeepBlueSea_010340320_00000006.mat,3,-0.0016136,-0.02685,0.0049932,-0.010692,-0.0074574,-0.00025341,-0.0019298,-0.0011369,-0.0047644,-0.0019499
DeepBlueSea_010340320_00000019.mat,3,4.65E-05,-0.0238,0.011927,-0.01269,-0.0048923,0.00020707,-0.0044026,-0.0042266,-0.0038714,-0.001224
DeepBlueSea_012910320_00000018.mat,3,-0.0029157,-0.0034342,0.0044454,-0.0025253,0.0058222,-0.00082567,0.0045779,0.00073801,-0.0029128,-0.0025959
DidYouHearAboutTheMorgans_003731807_00000001.mat,3,-0.0038703,-0.0082856,0.0082241,-0.0001369,0.0022655,-0.011347,-0.00097304,0.0059664,-0.00049773,0.002044
DidYouHearAboutTheMorgans_003902287_00000011.mat,3,0.0028664,-0.010157,0.0021004,-0.016422,-0.0038663,-0.0020123,0.0057597,-0.0042984,0.0027122,0.00059697
DidYouHearAboutTheMorgans_003902287_00000012.mat,3,0.0034597,-0.011465,0.0039723,-0.01292,-0.0015897,-0.0032449,0.0058939,-0.0043554,0.00074873,0.0021477
ExtremelyLoudIncrediblyClose_002336640_00000052.mat,3,-0.0057154,-0.0056092,-0.02685,0.019728,-0.0046871,-0.016626,-0.00067171,0.00189,0.0046385,-0.006323
Hangover_001949614_00000060.mat,3,-0.00081357,0.032472,-0.0034606,-0.0076094,0.0044024,0.0061874,-0.00414,-0.0074455,0.0054496,0.002019
Hangover_010805134_00000002.mat,3,-0.00040946,-0.01333,0.020506,0.0053058,0.0057995,-0.001761,-0.010945,-0.0017868,0.00097151,-0.0035927
Hangover_010805134_00000008.mat,3,-0.0024717,0.0062467,0.004341,-0.0044007,-0.00064812,-0.0037549,-0.009376,0.0013072,-0.0029351,-0.0018868
Hangover_010805134_00000013.mat,3,-0.00069405,0.0015835,0.0057915,-0.00040078,0.00053128,-0.0051755,-0.0087165,0.0050241,-0.0028979,-0.0013702
Hangover_010805134_00000019.mat,3,-0.0018208,0.0015021,-0.0063501,-0.00017537,0.0042078,-0.0093714,-0.0085149,0.005786,-0.00071383,-0.0051255
HarryPotter_Deathly_Hallows_1_001610960_00000017.mat,3,-0.0036877,-0.018595,-0.01145,0.0028526,-0.0080134,-0.004823,0.013403,0.0017311,-0.0089975,0.00016327
HarryPotter_Deathly_Hallows_1_001610960_00000018.mat,3,-0.0042398,-0.01645,-0.013115,0.00063327,-0.0094535,-0.0017519,0.011071,-0.0011303,-0.0078104,-0.0030177
HarryPotter_Deathly_Hallows_1_001610960_00000028.mat,3,-0.0050116,0.01674,-0.0085784,0.017071,-0.0035114,-0.0035671,0.013202,0.0036993,0.0080616,-0.0075017
HarryPotter_Deathly_Hallows_1_004313680_00000006.mat,3,-0.0029777,-0.012536,-0.0089058,-0.0067012,-0.0047816,-0.00078866,-0.0019821,0.00053414,0.00023887,0.0055901
HarryPotter_Deathly_Hallows_1_010758520_00000028.mat,3,0.0015713,-0.0094797,-0.0054761,-0.010703,-0.0060103,-0.0090359,0.0068465,-0.0046917,-0.0021689,-0.0028056
HarryPotter_Deathly_Hallows_1_020238240_00000001.mat,3,-0.00084191,0.015357,0.0021523,0.00046075,0.0024472,-0.010042,-0.0032748,0.0029608,0.0035073,0.0015085
HarryPotter_Deathly_Hallows_2_001723920_00000023.mat,3,-0.0010727,-0.0015506,-0.0081609,-0.010058,0.0038597,-0.0050691,0.0011762,0.0061194,-0.0021257,0.00091242
HarryPotter_Deathly_Hallows_2_001729540_00000024.mat,3,-0.0023221,0.013044,-0.0032788,-0.0029662,-0.0006192,-0.0025974,-0.0012407,-0.0037675,0.00075669,-0.0026513
HarryPotter_GobletOfFire_000340094_00000030.mat,3,-0.0024209,0.0053373,-0.0044917,0.004481,-0.0060868,0.0084323,0.0098127,0.00089381,0.001356,0.00088745
HarryPotter_Half_Blood_Prince_004418334_00000001.mat,3,-0.0047974,-0.017219,-0.0063219,0.006189,-0.0087184,0.0073152,0.011635,0.010089,0.0034929,-0.0064183
HarryPotter_Half_Blood_Prince_004424374_00000028.mat,3,-0.0022871,-0.016623,-0.0058712,0.0011455,-0.0071651,-0.0059103,0.011679,-9.60E-05,-0.0061399,-0.0041016
HarryPotter_PhilosopherStone_000401054_00000052.mat,3,-0.0014445,-0.004797,0.012418,0.0047774,-0.0012443,-0.00062079,-0.00071916,-0.0083895,-2.04E-05,-0.0027522
HarryPotter_PhilosopherStone_000735094_00000001.mat,3,-0.0023942,-0.01916,0.0045945,0.0066969,-0.0033318,-0.0090986,-0.0028522,-0.013817,0.0040507,-0.0012115
HarryPotter_PhilosopherStone_000735094_00000006.mat,3,-0.0010148,-0.022456,0.012022,-0.00051842,0.00095514,-0.0072488,-0.0017338,-0.0058964,0.00077105,0.0028585
HarryPotter_PhilosopherStone_000738534_00000001.mat,3,-0.0033925,-0.0039797,0.0064734,-0.0063394,0.0013858,0.008405,-0.0064996,0.0070775,0.0058636,-0.0025664
HarryPotter_PhilosopherStone_001549894_00000042.mat,3,-0.00033016,0.0019888,0.00308,-0.0012166,-0.00037981,0.0066743,0.0012839,-0.0030245,0.0024765,-0.0041359
HarryPotter_PhilosopherStone_003314534_00000006.mat,3,-0.0035494,-0.0053257,0.0046192,0.0010577,-0.00086539,0.0093503,0.01453,-0.002727,0.0025747,0.0010442
HarryPotter_PhilosopherStone_003440294_00000032.mat,3,-0.0038788,0.0011182,-0.0029392,0.0074675,0.00049477,0.0030388,-0.0022792,-0.00053603,0.010372,-0.0046973
HarryPotter_PhilosopherStone_004331934_00000019.mat,3,-0.0036141,-0.011828,-0.0073281,0.0050951,-0.0059944,0.0013739,0.0056765,-0.0013175,-0.0023636,-0.0061012
HarryPotter_Prisoners_Of_Azkaban_001113440_00000010.mat,3,-0.0025634,-0.015229,-0.0040823,-0.013707,0.0042019,0.0040528,0.00095515,0.0038528,-0.0048591,-0.0018695
HarryPotter_Prisoners_Of_Azkaban_002021400_00000021.mat,3,-0.0033534,0.023374,0.0010929,-0.0095958,-0.0054498,-0.00028875,-0.00043158,0.0016695,0.0061451,0.012772
HarryPotter_Prisoners_Of_Azkaban_012430040_00000009.mat,3,-0.004869,0.01279,-0.0093474,-0.0036642,0.0041573,0.0038046,0.0049938,0.0020949,-0.010292,-0.0030053
HarryPotter_Prisoners_Of_Azkaban_012430040_00000022.mat,3,-0.0056474,0.018805,-0.0063635,-0.0034124,0.0026191,0.0064523,0.0076378,-0.00068339,-0.0075357,-0.0010772
HarryPotter_Prisoners_Of_Azkaban_012554740_00000026.mat,3,-0.0029274,0.0064516,0.0017541,-0.0091968,0.0040792,0.0066694,-0.0016629,-0.00016513,-0.00094322,0.0008327
HauntingMollyHartely_000633000_00000041.mat,3,-0.0032784,-0.010812,-0.0029511,-0.0019979,0.0032923,-0.0083808,0.0089262,-0.0061127,-0.0056536,-5.35E-05
JennifersBody_001759754_00000001.mat,3,-0.00296,0.0041848,0.0033927,-0.0077233,0.0087773,0.001146,-0.0029074,-0.0010784,-0.0090181,-0.0061016
JennifersBody_001759754_00000047.mat,3,-0.0023049,0.0121,0.003855,-0.005805,0.0075404,0.0020707,-0.00059678,0.0018397,-0.0094044,-0.0041219
JennifersBody_001759754_00000098.mat,3,-0.0018471,0.015058,-0.00027183,-0.0068472,0.0089693,0.0032661,-0.00078377,-0.0012482,-0.011939,-0.0059975
JennifersBody_001947263_00000001.mat,3,-0.0027974,0.012134,0.00059598,0.0052617,0.0047799,-0.0028389,0.00072763,-0.0045965,0.0014562,0.0098707
JennifersBody_001947263_00000009.mat,3,-0.0055094,0.006617,0.0048309,0.011935,-0.0027483,-0.0046997,-0.011179,-0.0030935,0.0037022,0.0010447
JennifersBody_002410291_00000003.mat,3,-0.0026501,0.017082,-0.00022895,0.010091,-0.00021934,-0.010467,-0.0012373,-0.0049176,0.0037052,0.0045088
JennifersBody_002410291_00000020.mat,3,-0.0021187,0.015498,0.0083982,0.0013655,0.00058868,-0.0061755,-0.0067507,0.0017574,0.001186,0.0023055
JennifersBody_005841913_00000031.mat,3,-0.0026219,0.0090045,-0.0012318,0.0055852,-0.0042499,0.0016748,0.0056551,-0.0032816,-0.00027544,-0.0012909
JennifersBody_005841913_00000036.mat,3,-0.0042122,0.0067433,-0.0091902,0.017406,-0.0051562,0.002592,0.011753,-0.0044025,0.0044471,-0.0099526
JennifersBody_010242118_00000001.mat,3,-0.0046061,0.0078916,-0.0081494,0.0015256,0.0040752,-0.0042467,0.008461,0.005165,0.0065579,0.000188
JennifersBody_012514049_00000026.mat,3,-0.0025086,0.047812,0.013461,0.015599,0.00043063,0.004514,-0.010114,0.0018718,0.0028977,0.0033916
JennifersBody_012514049_00000048.mat,3,0.022519,0.033729,0.01187,0.0085461,-0.0045083,0.0099327,-0.0031395,0.0017839,-0.0042526,0.0060573
MissMarch_003858160_00000030.mat,3,-0.0007838,0.0062569,0.0034306,-0.0071253,-0.008618,0.010747,4.17E-06,-0.0047306,-0.0073485,-0.00043816
OceansEleven_011508080_00000018.mat,3,0.00191,0.00085116,0.0038482,-0.004556,0.00082131,-0.0062526,0.0014572,0.0033013,0.0040913,-0.00081728
OceansEleven_012743760_00000001.mat,3,-0.0023192,0.0045645,-0.0031896,0.00049624,0.013622,-0.0095446,0.00020051,0.0035067,0.0017648,-0.00073891
OceansThirteen_014012360_00000031.mat,3,-0.0066602,0.023776,-0.0027606,0.034803,0.0019146,-0.0085148,-0.0094339,0.0019772,0.002155,-0.0044004
OceansTwelve_000152960_00000024.mat,3,-0.0036446,0.015319,-0.0072536,0.0075801,-0.0059772,0.0054554,0.012581,0.01228,0.0034164,-0.0084193
OceansTwelve_000540800_00000021.mat,3,-0.0043091,-0.0078462,-0.010634,0.0087277,-0.0084853,0.012882,-0.002087,-0.0011093,0.0025703,0.0022922
OceansTwelve_000552400_00000024.mat,3,-0.0023719,-0.006581,-0.00054376,-0.0026023,-0.00022671,0.007139,0.0052941,0.0043451,-0.0082217,-0.00072335
OceansTwelve_000552400_00000036.mat,3,-0.0028404,-0.007489,0.00098681,-0.0041998,0.0060187,0.0075783,0.00073668,0.0043997,-0.00092049,0.0014715
OceansTwelve_002551440_00000064.mat,3,-0.0016342,0.0057472,-0.0065387,-0.0038657,0.0017953,0.0073639,-0.0088444,0.002259,0.0027578,-0.00087788
OceansTwelve_011845760_00000013.mat,3,-0.0024958,0.0009175,0.0058491,0.0020245,0.0074911,-0.0075459,-0.0040771,0.0051983,0.0018602,-0.0040144
OceansTwelve_011847320_00000054.mat,3,0.00040714,0.00019774,0.0078371,-0.00072478,0.0089032,-0.0068738,-0.0042915,0.0055853,-0.00029725,-0.0025553
OneFlewOverCuckooNest_002020680_00000001.mat,3,-0.0013638,0.0068192,-0.0040284,-0.0032327,0.0022859,0.0056964,-0.0067744,0.001948,-0.0034495,0.00029329
TheEye_003639560_00000031.mat,3,-0.0034696,0.01852,-0.0082152,-0.00057772,-0.0018356,0.00084923,0.0051181,-0.0045077,0.0040298,-0.0026476
TheShining_004601560_00000046.mat,3,-0.001888,0.010441,-0.0011081,-0.00446,1.76E-05,0.0059896,0.0039676,-0.0013902,-0.0047144,-0.0031829
TheShining_004603760_00000010.mat,3,-0.00084878,0.0083648,-0.00022506,-0.0063663,0.0011259,0.0040485,0.0023732,-0.0018686,-0.0050803,-0.0026725
TheShining_004603760_00000043.mat,3,-0.0003164,0.0065316,0.00074448,-0.0081161,0.001084,0.0038662,0.0029622,-0.0048424,-0.00403,-0.0024651
ThereIsSomethingAboutMary_013736360_00000003.mat,3,-0.0014033,0.014091,0.010463,0.0056504,0.011031,-0.0089082,-0.0033407,-0.0023947,0.00018096,-0.0021078
ThereIsSomethingAboutMary_013736360_00000009.mat,3,-0.0016168,0.017118,0.01573,0.0074598,0.00945,0.00043504,-0.0098469,-0.00048594,-0.0010292,0.003675
ThereIsSomethingAboutMary_013736360_00000052.mat,3,-0.0022294,0.019131,0.011988,0.0036003,0.0098396,-0.0039107,-0.0026553,-0.0014552,-0.0019993,0.0052206
Town_011345040_00000001.mat,3,-0.0005315,0.029807,0.0080799,0.0021287,-0.010767,-0.0051257,0.0011301,-0.00012423,0.0011002,0.014292
Town_011345040_00000057.mat,3,-0.0011442,0.01631,0.0063195,-0.0039908,-0.0024594,-0.0068018,-0.0041724,0.001791,0.00066254,0.010622
WrongTurn3_004853480_00000050.mat,3,-0.00091535,0.015988,0.004833,0.0010285,-0.01141,-0.0057428,0.0041327,0.0060967,0.0065715,0.00943
WrongTurn3_010915080_00000024.mat,3,-0.0029432,0.019306,-0.0017737,0.0037811,-0.0020708,0.0021317,-0.0015836,-0.0056844,-0.0045821,0.0041498
WrongTurn3_010915080_00000053.mat,3,-0.003054,0.015229,-0.0016151,0.00068399,-0.0044952,0.0018585,-0.0021552,-0.0029873,-0.003829,0.0028907
WrongTurn3_010924040_00000028.mat,3,-0.0035627,0.014491,-0.0020028,0.0055079,-0.0053311,-0.0060488,0.0021508,-0.0075392,0.0011162,5.59E-06
WrongTurn3_010924040_00000055.mat,3,-0.0018083,0.014715,-0.0070587,0.0080541,-0.0040101,-0.0043336,0.0046196,-0.0077491,0.00048605,0.0017756
YouveGotAMail_000856334_00000001.mat,3,-0.00025327,0.0069105,0.0038162,-0.015277,-0.0043888,0.002198,-0.00049441,-0.0023917,-0.01065,-0.0058434
YouveGotAMail_002551974_00000007.mat,3,-0.0039657,-0.001866,-0.0076489,-0.0045303,0.0045515,-0.0073068,0.003267,-0.0040686,0.0059441,0.0034442
50_50_001805320_00000009.mat,4,-0.0048281,-0.014499,-0.010844,-0.0016896,0.0098213,0.0028486,0.0086721,0.0070292,-0.00087566,0.0090682
ACaseofYou_000608400_00000006.mat,4,-0.0057677,0.0027129,-0.020019,0.012543,0.0061361,-0.0019788,0.0069278,-0.0021141,0.0075069,-0.0017632
AlexEmma_000548800_00000021.mat,4,-4.22E-06,-0.0054096,-0.0024294,-0.013416,-0.0027531,-0.00089387,0.0055428,0.0016128,-0.0085465,0.0010912
AlexEmma_000654320_00000001.mat,4,-0.0043366,0.029579,-0.0097709,-0.0028625,0.0022516,-0.0032854,0.003638,0.0085715,0.0011831,0.011119
AlexEmma_001305160_00000013.mat,4,-0.0033735,-0.0028734,0.0076019,0.01449,-0.002726,-0.0005231,-0.0011773,0.0029251,-0.0035387,0.010326
AlexEmma_002701320_00000085.mat,4,-0.0037699,-0.013141,-0.006308,-0.0059573,0.0028996,0.0026293,-0.0015113,0.005491,-0.005014,0.0017694
AlexEmma_002701320_00000102.mat,4,-0.0048918,-0.016426,-0.0077729,-0.0027923,0.008332,0.0058924,0.0016985,-0.0053784,-0.0016501,0.0034927
AlexEmma_003029120_00000030.mat,4,-0.0021,-0.0010799,0.0088994,-0.0011296,0.0048292,0.010648,-2.41E-05,-0.00652,-0.0024447,0.0042806
AlexEmma_003322120_00000035.mat,4,-0.0020698,-0.01104,0.00080458,-0.0067063,0.0026785,0.00091694,-0.00064835,-0.0092208,0.0029938,-0.0015002
AlexEmma_003734360_00000048.mat,4,-0.0042605,0.0058581,-0.011663,-0.0039266,-0.0010216,0.0014297,-0.0026129,-0.0014666,-0.004618,-0.0014178
AlexEmma_003833320_00000023.mat,4,-0.0043226,0.014918,-0.0032794,0.0088612,-0.0043943,0.0044133,0.010564,-0.0072078,-0.0028725,0.0034976
AlexEmma_004411160_00000026.mat,4,-0.0023216,-0.010715,-0.010045,0.0040715,-0.0046586,0.006434,0.013318,-0.008662,-0.0041633,0.0017271
AlexEmma_004540160_00000042.mat,4,-0.0042906,-0.016444,0.003785,0.0005445,-0.0037928,0.0079963,0.0059503,-0.0099694,0.0049327,0.0056154
AlexEmma_005143680_00000023.mat,4,-0.0019542,-0.023464,-0.0099293,-7.64E-06,-0.01041,-0.0021807,0.0010562,-0.010237,-0.0040219,0.0034188
AlexEmma_005143680_00000079.mat,4,-0.0023681,-0.020968,-0.0051768,0.00048713,-0.0056806,-0.0046395,0.0043601,-0.010726,-0.000464,-0.00037036
Bridesmaids_000059880_00000018.mat,4,0.16525,0.0057754,0.0012746,0.0098382,-0.00091017,0.0017196,-0.010714,0.00063496,0.0019415,0.0030699
Bridesmaids_000059880_00000039.mat,4,-6.65E-05,0.016696,0.0024051,-0.0088876,0.0061932,0.0076305,-0.00042777,-0.0020771,-0.0078759,-4.52E-05
Bridesmaids_001255040_00000001.mat,4,-0.0044199,-0.022788,-0.0047396,-0.0039603,-0.0044139,-0.0050708,0.0035228,-0.0060159,-0.0012148,-0.00062634
Bridesmaids_001255040_00000017.mat,4,-0.0040584,-0.019924,-0.0025479,0.00027788,-0.00065094,-0.0062913,0.0053535,-0.0084762,-0.0013324,-0.0066489
Bridesmaids_001335200_00000001.mat,4,-0.0047558,-0.0096461,-0.0072778,0.00091878,0.0077171,0.0082879,0.0017094,-0.0075754,0.0040991,-0.0060139
Bridesmaids_001335200_00000005.mat,4,-0.0059894,-0.016169,-0.0082816,0.00070731,0.0052104,0.0027221,0.0037608,-0.007373,-0.0024426,-0.0050717
Bridesmaids_001335200_00000016.mat,4,-0.002167,-0.017818,-0.0038193,-0.0064725,0.0027377,-0.0089538,-0.00019097,-0.0022309,-0.00025955,-0.0021458
Bridesmaids_001914080_00000033.mat,4,-0.0036416,-0.0047955,-0.0039454,-0.0047458,0.0044816,-0.0014251,-0.0041883,0.0081964,-0.0010088,-0.0034852
Bridesmaids_003605560_00000001.mat,4,-0.0040584,-0.0077654,-0.0059418,0.0022369,-0.00228,-0.0053388,0.0095386,-0.0044586,-0.0004962,-0.0045467
Bridesmaids_003605560_00000017.mat,4,-0.0045169,-0.012352,-0.0033595,0.0051815,7.58E-05,-0.0054152,0.010392,0.0046335,-0.0017017,-0.0033327
Bridesmaids_015117000_00000001.mat,4,-0.0038891,0.010714,0.022109,0.01894,0.0040917,0.0029287,-0.014276,0.0114,0.00011634,0.0013961
Contraband_002503000_00000001.mat,4,-0.0012764,0.0073076,0.008437,-0.0021007,-0.0027786,0.0038151,0.004136,0.001135,0.0048383,-0.001373
DecemberBoys_001719520_00000033.mat,4,-0.0033296,-0.015125,-0.0015895,0.0044734,0.014786,-0.0059834,-0.010058,0.0065712,-0.0028032,-0.0054974
DecemberBoys_001924200_00000038.mat,4,-0.0035708,-0.01585,0.00014492,0.0052066,0.011848,-0.009352,-0.0023196,-0.0029669,9.04E-05,0.0021704
DecemberBoys_001941000_00000001.mat,4,-0.003167,-0.0027099,-0.0047848,-0.0041074,0.006645,0.008317,-0.0058161,0.00052411,-0.00029731,-0.0042211
DeepBlueSea_002026400_00000110.mat,4,-0.0025411,-0.0069404,0.0080052,-0.005311,-0.0032013,0.0064902,0.004058,-0.0050105,-0.002697,0.0012873
DeepBlueSea_002031240_00000069.mat,4,-0.00060298,0.046102,0.0028367,-0.0024515,0.00052455,0.003201,-0.007518,-0.005397,-0.0054994,0.001805
DeepBlueSea_002031240_00000090.mat,4,-0.00034935,0.044041,0.0015312,-0.0081412,0.00080974,0.00073635,-0.0046948,-0.0062284,-0.0041822,0.0011257
GirlWithAPearlEarring_003311120_00000044.mat,4,-0.0035676,-0.015441,0.0091512,0.013916,0.0053881,0.003744,0.0025757,-0.011125,2.10E-05,-0.0030984
GirlWithAPearlEarring_010643040_00000021.mat,4,0.00055486,-0.0033775,0.010907,-0.0033309,0.0041042,0.010836,-0.0032711,0.00078281,0.0012098,-0.0011361
HalfLight_002240480_00000011.mat,4,-0.0030287,-0.01786,-0.0060917,-0.0093718,0.0091898,-0.0027358,6.30E-05,-0.0068666,-0.0052906,-0.0049409
HalfLight_002400680_00000018.mat,4,-0.0046203,-0.012837,-0.0054189,0.011075,-0.013821,0.0044486,0.010158,0.0026673,0.0058107,-0.0068787
HarryPotterAndOrderOPhoenix_002214494_00000066.mat,4,-0.0048255,-0.0046571,-0.012389,0.0017656,0.013097,-0.001971,-0.0015527,-0.015021,0.0043814,-0.0017399
HarryPotter_Deathly_Hallows_1_010156240_00000001.mat,4,-0.005178,0.00011652,-0.019835,-0.00097393,0.0042424,-0.010477,-0.00627,0.0035951,0.00083975,-0.0066296
HarryPotter_Deathly_Hallows_1_011317280_00000001.mat,4,-0.0024353,0.018339,-0.0048132,-0.013612,0.0069966,0.0037936,-0.0025482,0.0089089,-0.0036277,0.00020664
HarryPotter_Half_Blood_Prince_001259094_00000033.mat,4,0.094845,0.0058091,0.00027736,0.014657,-0.014278,0.0074502,-0.0086942,0.0082092,0.0031663,-0.00054284
HarryPotter_Half_Blood_Prince_005745534_00000016.mat,4,-0.0045765,0.048199,0.0031982,0.0014639,0.0002785,0.0029439,-0.0084223,0.0045697,-0.0037432,0.0050321
HarryPotter_Half_Blood_Prince_005937334_00000027.mat,4,-0.0029964,-0.013531,-0.0057706,-0.0061302,-0.001727,0.0061818,-0.0036658,0.001379,0.0042727,0.0041035
HarryPotter_Half_Blood_Prince_005938934_00000045.mat,4,-0.0056358,-0.0037595,-0.0087792,0.010621,0.003466,-0.014083,-0.0035565,-0.0019987,-0.00090541,-0.0070528
HarryPotter_PhilosopherStone_004355094_00000034.mat,4,-0.0029525,-0.025143,0.0019122,0.0064581,-0.0010285,-0.0010093,0.0048281,-0.0031266,-0.00017053,-0.0024703
IAmSam_004235880_00000064.mat,4,-0.0017932,-0.0035148,0.012142,-0.0055695,0.0037178,-0.0036654,-0.0030247,0.0043334,-0.0014737,0.0018196
ItsComplicated_000836607_00000001.mat,4,-0.00019509,-0.002159,0.0067163,-0.0023915,-0.0031173,0.0041122,-0.0093137,-0.0018117,0.00042581,0.0051227
ItsComplicated_000857887_00000001.mat,4,-0.00077344,-0.010238,0.0032819,-0.0065439,-0.00048277,-0.00088501,0.0031063,-0.0034182,-0.010003,-0.0008501
ItsComplicated_000857887_00000009.mat,4,-0.0016104,-0.011373,0.0020959,-0.01051,0.0011528,-0.0018071,0.0039278,-0.0054058,-0.010035,0.0017252
ItsComplicated_000857887_00000049.mat,4,0.0023013,-0.013755,0.017603,-0.02113,-0.0027249,0.0057175,-0.0059783,-0.0089194,0.0051321,-0.0029019
ItsComplicated_000857887_00000064.mat,4,-0.0019821,-0.0088601,-0.0007985,-0.0062051,0.00085442,0.00082739,0.0062735,-0.0017634,-0.0068169,0.00027079
ItsComplicated_000901567_00000001.mat,4,-0.0026216,-0.012349,-0.012654,-0.0011707,-0.001288,-0.0066368,0.0092554,-0.0068712,-0.0036859,0.0010276
ItsComplicated_000901567_00000010.mat,4,-0.00042319,-0.0058874,-0.012556,-0.0020802,0.0010202,0.00054711,0.010288,-0.00062001,-0.0007102,0.001336
ItsComplicated_000934247_00000054.mat,4,-0.0015687,-0.015891,-0.0052736,-0.002149,0.00034496,-0.003153,0.0087502,-0.0014196,-0.005027,0.0035191
ItsComplicated_000934247_00000061.mat,4,-0.0014474,-0.011993,-0.0023946,-0.0023136,0.00063343,-0.0019371,0.006078,-0.0048619,-0.0043399,0.0020986
ItsComplicated_001122327_00000063.mat,4,-0.0012855,-0.0070541,-0.0031929,-0.010894,0.0023292,0.0085468,-0.0062437,0.0038406,0.0036422,-0.00039064
ItsComplicated_001242687_00000009.mat,4,-0.009394,0.0054906,-0.035967,0.034256,0.010156,-0.011081,-0.0083636,0.0032696,0.0036683,-0.0087263
ItsComplicated_001339967_00000001.mat,4,-0.0029339,-0.017988,-0.011594,-0.0020351,0.0018784,-0.0087925,0.0070805,-0.0052514,-0.00038172,-0.00018824
ItsComplicated_001345207_00000009.mat,4,-0.0023281,-0.0025945,-0.011218,0.0033884,-0.0043153,-0.0032741,0.0067002,-0.0035844,-0.000728,0.0011563
ItsComplicated_002226767_00000006.mat,4,-0.0046356,-0.012259,-0.017561,0.0037721,-0.006764,0.0013657,0.0080528,0.0026832,-0.0049988,-0.0051962
ItsComplicated_002723007_00000001.mat,4,-0.0035932,0.0028999,-0.0051302,0.00057766,0.012309,-0.0035419,-0.0053437,0.0083254,-0.0027392,-0.00072883
ItsComplicated_003055687_00000001.mat,4,0.0004309,-0.015364,0.002508,-0.0077025,-0.0067583,-0.0057576,-0.0078613,-0.0045082,-0.0012268,-0.0012149
ItsComplicated_003142087_00000025.mat,4,-0.00093382,-0.0035393,0.00086839,-0.0075282,0.0018641,-0.0054812,0.0022331,0.0086164,-0.0011892,0.0087707
ItsComplicated_003351367_00000050.mat,4,-0.0030156,-0.0063688,0.0010395,-0.0021142,0.0029515,0.0082887,0.0033661,-0.0059226,0.0019783,0.0021706
ItsComplicated_003438887_00000014.mat,4,-0.0035855,-0.0012891,-0.0054234,-0.013901,-0.0017646,-0.00091527,0.0023961,4.85E-05,-0.0042741,-0.00077087
ItsComplicated_003539527_00000001.mat,4,-0.0039295,-0.007287,-0.0030841,-0.012868,0.0037033,-0.0033975,0.0077573,-0.0042881,-0.0060323,0.0029338
ItsComplicated_003722087_00000001.mat,4,-0.0015649,-0.0067528,-0.010692,-0.0016068,-0.00081976,0.0054257,0.0081386,-0.0017908,-0.0024692,0.00069272
ItsComplicated_004336847_00000046.mat,4,-0.0037741,-0.013989,-0.0089991,-0.0060262,0.00077591,-0.0061067,0.0068163,3.83E-05,-0.0022975,0.0030159
ItsComplicated_004431287_00000016.mat,4,-7.67E-05,-0.011574,-0.0026378,-0.010285,-0.0029971,-0.0082524,0.010115,0.0049346,0.0021781,0.0095331
ItsComplicated_010310407_00000010.mat,4,-0.0040559,-0.017003,-0.0074376,0.0018178,0.0013515,-0.010785,0.004048,0.0065957,-0.0030587,-0.002902
ItsComplicated_011058967_00000001.mat,4,-0.0044824,-0.0015809,-0.0053135,-0.011181,0.007355,-0.0073492,0.00094841,0.0082913,0.00156,0.0057012
ItsComplicated_011340288_00000001.mat,4,-0.00035961,-0.0058687,-0.008229,-0.0057945,0.0023505,0.001048,0.0019284,-0.004316,-0.0071784,0.0042611
ItsComplicated_011340288_00000042.mat,4,-0.0024586,-0.0065521,-0.0049991,-0.0056145,0.0035534,-0.0014606,-0.0026736,0.0012513,-0.0039675,0.005227
ItsComplicated_011526007_00000005.mat,4,-0.00035037,0.0062364,-0.0069013,-0.0072441,0.0036408,0.0019004,0.0047153,0.0015644,0.0021962,-0.00098593
ItsComplicated_013327047_00000001.mat,4,-0.001788,0.0099929,-0.0037576,-0.0084628,0.0025866,0.001474,0.0012809,-0.0038967,-0.0093779,-0.0012991
JennifersBody_000812598_00000014.mat,4,-0.0045933,0.0073585,-0.0051658,-0.0021471,0.0035716,0.0032882,0.0015089,0.0070889,0.00040613,0.0044612
Juno_000826560_00000003.mat,4,-0.0028615,0.011851,0.0050981,0.0074956,0.00058191,0.0052552,-0.00070532,0.0046513,0.0051671,2.44E-05
Juno_004717160_00000065.mat,4,-0.0029399,-0.018137,-0.0046075,-0.0079956,-0.00068522,0.0034853,0.001669,0.0035325,-0.0067463,-0.0020368
LittleManhattan_002723534_00000012.mat,4,-0.0037461,-0.0093104,-0.0039039,0.00077276,-0.0010592,-0.010938,0.0014959,0.0021954,-0.0012911,-0.0047325
LittleManhattan_005419923_00000001.mat,4,-0.0035319,0.0011054,-0.0065643,-0.0063618,-0.00073874,0.0081849,-0.0011445,0.0085206,-0.0028607,8.95E-05
LittleManhattan_010258723_00000016.mat,4,-0.0029446,-0.030859,-0.00023008,0.0072235,-0.0029783,-0.0087217,0.0020306,-0.0054188,0.0045827,-0.0036964
LittleManhattan_010710723_00000012.mat,4,-0.0029903,-0.020336,-0.00031738,0.0066488,-0.00071447,-0.0063083,0.0026107,0.0034036,-0.0093898,-0.0026977
LittleManhattan_011720723_00000039.mat,4,-0.0041187,-0.0051387,0.020116,0.00863,0.015492,0.011628,0.00051793,-0.0070192,0.0032884,0.0028568
MissMarch_000257240_00000013.mat,4,-0.00014556,-0.0068374,0.0061805,0.0016933,-0.0070007,-0.0010274,-0.0097021,0.0063051,-0.0029262,0.00063495
MissMarch_000257240_00000027.mat,4,-0.0012902,-0.0045544,0.0065391,-0.0020044,-0.0025228,-4.28E-05,-0.011068,-0.000848,-0.0027988,0.0010984
MissMarch_002459400_00000059.mat,4,-0.0038523,-0.0029952,-0.0022668,0.0046613,0.013151,-0.0095562,-0.00076425,0.0021369,-5.30E-05,0.0025118
MissMarch_002459400_00000076.mat,4,-0.0038258,0.00085928,-0.0088327,-0.002351,0.008836,-0.0071967,0.0029105,0.0057397,0.00059747,0.0086845
MissMarch_002459400_00000095.mat,4,-0.0031008,-0.0063784,0.010837,-0.00039577,0.0090236,-0.0025106,-0.00013734,-0.0049495,0.0013202,0.0070402
MissMarch_003648600_00000008.mat,4,-0.0059039,-0.0056556,-0.0092152,0.0066244,0.00071436,0.0010011,0.00132,-0.0013616,-0.0045713,-0.0032267
MissMarch_004713360_00000025.mat,4,-0.0039883,0.03954,-0.0014978,0.0057685,0.0016067,0.011659,0.0016293,-0.0020771,-0.0046361,-0.0021076
MissMarch_005203360_00000029.mat,4,-0.0045995,0.012944,-0.017796,0.0094305,0.0090309,-0.0089218,-0.0071118,-0.0040277,-0.001356,-0.0042519
NanyDiaries_000247920_00000016.mat,4,-0.0046278,0.039082,-0.0084674,0.00494,0.0037103,-0.0029787,-0.0027638,0.0028594,0.0047577,-0.0030774
NanyDiaries_000247920_00000036.mat,4,-0.0040588,0.031961,-0.016339,0.0077353,0.0063925,-0.005929,-0.0036837,0.0052039,0.0059342,-0.0080104
NanyDiaries_000851240_00000043.mat,4,-0.0053619,-0.016187,-0.0011689,0.00065985,0.00082621,-0.001707,0.0027403,0.0017026,-0.0032212,0.010039
NanyDiaries_000853240_00000023.mat,4,-0.0055437,0.0021189,-0.012475,0.0094155,0.00067134,0.0061362,0.013611,0.0052,-0.0034235,-0.0028771
NanyDiaries_001215160_00000005.mat,4,-0.005638,-0.011975,-0.01055,-0.00058992,0.0072014,-0.007469,0.0075629,-0.00038869,-0.002765,0.010887
NanyDiaries_001215160_00000017.mat,4,-0.0035983,-0.0031679,-0.0044888,-0.0021876,0.003728,-0.0010988,0.0060333,0.005537,-0.0025628,0.011144
NanyDiaries_003141960_00000054.mat,4,-0.00074823,-0.0071403,0.0011096,-0.0035133,0.0045961,-0.003519,-0.0066612,0.0071336,-0.0062845,-0.0070464
NanyDiaries_003917840_00000034.mat,4,-0.0029639,-0.0023869,0.0077848,0.00086673,0.01126,6.05E-05,-0.0017631,0.0088236,-0.0065485,0.004767
NanyDiaries_004712280_00000001.mat,4,-0.0039645,-0.0037188,-0.0061358,-0.0031073,0.005763,-0.00062309,0.0080446,-0.0026801,0.00045627,0.0011665
50_50_001910760_00000015.mat,5,-0.0034451,-0.028802,-0.0031434,0.0060253,0.0048232,-0.011435,-0.0036111,0.0004139,-0.0018751,-0.0082707
ACaseofYou_004206880_00000005.mat,5,-0.0054476,0.0083804,-0.010509,0.0061762,-0.0023729,0.010358,0.011358,0.00025025,1.03E-05,-0.003571
AlexEmma_000846120_00000041.mat,5,-0.0017388,-0.0083307,0.0024435,0.0026986,-0.0078251,0.012453,0.0053268,-0.0039695,0.0053889,0.0064282
AlexEmma_001806960_00000100.mat,5,0.00057092,0.01025,0.0026212,-0.014645,0.0014652,-0.0017115,-0.0048082,-0.00082654,-0.005869,-0.002121
AlexEmma_002324880_00000032.mat,5,-0.0031929,0.012882,0.003641,-0.0029233,-0.0039876,0.0081503,0.0056636,0.00043577,-0.005719,-0.0029417
AlexEmma_003734360_00000070.mat,5,-0.00074425,0.0074048,-0.010433,-0.012682,0.0013781,0.0086323,-0.0075432,0.0017738,-0.0038881,0.0048946
AlexEmma_004337800_00000005.mat,5,-0.0050768,-0.014709,-0.0078348,0.0061929,-0.007538,0.006789,0.012747,-0.01021,-0.0042107,0.0013999
AlexEmma_004337800_00000015.mat,5,-0.0034591,-0.014447,-0.00072636,0.0047779,-0.0088657,-0.0054376,0.010223,-0.0099593,-0.0058427,-0.0027637
AlexEmma_004337800_00000024.mat,5,-0.0047034,-0.016298,-0.011974,0.0045396,-0.0085837,0.0063528,0.011891,-0.011375,-0.00745,0.0017079
AlexEmma_004507280_00000022.mat,5,-0.00071534,0.012052,0.007265,-0.0057556,-0.0011081,-0.0018356,-0.003466,0.0035671,0.0014587,0.0043781
AlexEmma_005143680_00000007.mat,5,-0.0011892,-0.018966,-0.00015518,0.001524,-0.01409,-0.0062899,-0.0019066,-0.014742,0.0010654,0.0010781
AlexEmma_011145880_00000014.mat,5,-9.81E-05,-0.0026772,0.010427,-0.0025728,-0.0045085,0.00032919,-0.00064829,0.01008,-0.0052596,0.0021795
AlexEmma_011937240_00000012.mat,5,-0.00057591,0.016651,-0.00024664,-0.0016637,-0.0048916,-0.001116,0.0051599,0.0030518,0.0042334,0.0055233
Bridesmaids_000609720_00000033.mat,5,-0.0045569,-0.013136,0.0017143,-0.00023396,0.011179,-0.011999,-0.00062746,0.0095009,-0.00034664,-6.14E-05
Bridesmaids_011244360_00000039.mat,5,-0.002425,-0.018471,-0.0079811,-0.0075867,-0.0039676,0.002598,0.0056247,-0.0018001,0.0013761,-0.0065138
Bridesmaids_014603040_00000001.mat,5,-0.0044441,0.0019116,-0.0088479,0.00071077,-0.0051132,-0.001484,0.01361,0.0030231,0.0049774,-0.0038089
Contraband_010623080_00000029.mat,5,-0.0023085,0.023151,0.0026594,-0.013399,-0.0010346,-0.00012355,0.0025452,-0.00093262,0.011846,0.0094742
Contraband_010630520_00000007.mat,5,0.0051422,0.028953,0.0054691,-0.01071,-0.0055698,0.0010144,-0.0014168,0.0044842,0.011224,0.0041488
CryingGame_003044960_00000024.mat,5,7.60E-05,0.0079293,0.0063372,-0.0058265,-0.0038237,-0.0033486,0.006356,-0.0047147,0.0027226,0.0031308
CryingGame_011616600_00000024.mat,5,-0.0032819,0.023218,-0.0020511,-0.0054502,0.0025965,0.0082377,-0.0047752,0.0018058,0.00033552,0.00035308
DecemberBoys_001244640_00000006.mat,5,0.0031141,0.010828,0.0094458,-0.015386,-0.0034354,0.008274,-0.0071384,-0.0022802,-0.0012044,0.0023985
DecemberBoys_001851200_00000043.mat,5,-0.0019132,-0.0045796,0.007536,-0.0032536,0.0043552,-0.00040493,-0.010941,0.0042801,-0.0039876,-0.0036616
DecemberBoys_001924200_00000011.mat,5,-0.0042668,-0.014617,0.0018994,0.0035661,0.013182,-0.010055,-0.0035335,0.00071689,-0.00040021,0.0018085
DecemberBoys_002006160_00000047.mat,5,-0.002447,-0.0047255,-0.0026933,-3.71E-05,0.0072202,0.0078434,-0.0092081,0.00090029,0.0057647,-0.0034706
DecemberBoys_002006160_00000052.mat,5,-0.0045802,-0.013111,0.016608,0.0096072,0.0043723,0.0029222,-0.0072299,-0.0046743,0.0050071,0.00012049
DecemberBoys_002024000_00000025.mat,5,-0.00024343,-0.0036915,0.0049662,-0.0074238,0.00012039,-0.0044296,-0.0041783,0.0047367,0.00022108,0.0025311
DecemberBoys_002334640_00000001.mat,5,-0.0037251,-0.02793,0.0046725,-0.0057812,0.0077325,-0.0030048,0.0036122,0.006378,-0.011214,-0.00060846
DecemberBoys_002852720_00000019.mat,5,-2.22E-05,0.022246,0.011854,-0.0011936,-0.012209,0.0063175,-0.00324,0.0013175,0.0059535,-0.00024083
DecemberBoys_003134880_00000021.mat,5,-0.0015294,-0.0045393,-0.012272,-0.0057714,-0.0087837,0.0025416,0.0010084,0.00070004,0.0047887,-0.0044284
DecemberBoys_003708960_00000039.mat,5,-0.0019516,0.0062776,-0.00078192,-0.0019043,-0.0066687,0.0072471,0.011991,0.00045485,-0.0088636,0.00092449
DecemberBoys_004141880_00000001.mat,5,0.0016931,0.018702,0.00015069,-0.0077041,0.0011303,-0.0025187,-0.0033285,-0.007042,0.0033691,0.0074738
DeepBlueSea_000434080_00000034.mat,5,-0.0014778,0.018208,0.010933,0.0025245,-0.0026826,-0.0035588,-0.009022,-0.0051108,-2.04E-05,-0.00040869
DeepBlueSea_000744200_00000010.mat,5,-0.00048365,0.014452,-0.0050841,-0.0077726,0.0072285,-0.0037835,-0.0070905,-0.00044177,-0.00043027,-0.0034459
DeepBlueSea_005733200_00000099.mat,5,-0.0011015,0.015248,0.0055924,-0.0012749,-0.0043136,0.0061608,-0.0071723,0.0014482,0.0018977,0.0029683
DeepBlueSea_012724800_00000004.mat,5,-0.0011043,-0.0076959,0.01367,-0.0036917,0.0013781,0.0022607,-0.0036947,0.0055104,0.0010957,0.0013369
GhostShip_011515080_00000001.mat,5,-0.0015463,0.0046551,0.0025371,-0.0071134,-0.0044418,0.0075457,-0.00075912,0.0039264,0.0010086,-0.0015611
GhostShip_011515080_00000012.mat,5,-0.0021082,0.0056453,0.0016047,-0.0079449,-0.0033309,0.007931,0.0018992,0.0047028,-0.0042866,-0.0024206
GhostShip_011758680_00000001.mat,5,-0.0015212,-0.0020645,-0.0043529,-0.0093139,0.0065143,-0.0066073,0.00078146,-0.00024724,0.00079935,0.0038902
GirlWithAPearlEarring_001757000_00000042.mat,5,-0.0028888,-0.0083356,0.0037756,0.0075246,-0.0011769,-0.0065788,-0.0064299,0.0092314,-0.00084927,0.0016531
GirlWithAPearlEarring_004448480_00000034.mat,5,-0.0044531,-0.0037677,-0.017272,0.0030922,0.00059812,-0.0069121,-0.0026794,0.012558,0.0032613,0.00033751
HalfLight_003132520_00000021.mat,5,-0.0043866,-0.015903,-0.00020653,-0.00016964,-0.0032975,0.004559,0.0091881,-0.00085357,0.0080434,-0.0062989
HalfLight_003139560_00000030.mat,5,-0.0027451,-0.025121,-0.0056297,0.0029741,-0.00041232,-0.0015405,0.004004,0.00027206,-0.0010596,-0.0050332
HarryPotterAndOrderOPhoenix_002214494_00000001.mat,5,-0.0061908,-0.0092527,-0.023404,0.011053,0.0039666,-0.0097562,0.0041813,0.010094,0.00091958,5.40E-05
HarryPotterAndOrderOPhoenix_002614174_00000021.mat,5,-0.0058571,0.0026667,-0.013178,0.0038519,0.010447,0.0012361,-0.0088923,0.00434,0.0018802,-0.0059726
HarryPotterAndOrderOPhoenix_010247814_00000007.mat,5,-0.0011844,-0.00096352,0.002769,-0.0021071,-0.017691,0.0077554,0.013488,-0.0012067,0.0027388,0.0018376
HarryPotterAndOrderOPhoenix_010247814_00000063.mat,5,-0.0043653,-0.0032741,0.001456,0.0074932,0.0020979,-0.011893,0.0077148,0.0026568,0.0011098,0.015007
HarryPotter_Deathly_Hallows_1_003239120_00000001.mat,5,-0.0052354,-0.0041037,-0.01136,0.0011127,0.0036597,0.010377,0.0026573,-0.0028167,0.0049401,0.0020896
HarryPotter_Deathly_Hallows_1_003315480_00000004.mat,5,-0.0043964,-0.003763,-0.012184,0.0020758,0.00075279,0.010894,0.0075298,-0.001872,0.0016366,-0.0022851
HarryPotter_Deathly_Hallows_1_004552400_00000001.mat,5,-0.0055802,0.010972,-0.01584,0.010099,0.001222,0.0021778,0.0066991,0.0062352,-0.0002668,-0.0042426
HarryPotter_Deathly_Hallows_1_011034640_00000039.mat,5,-0.0011654,0.0022584,-0.00572,-0.0058721,-0.0023509,0.0099388,0.00021281,0.0026903,0.0046733,-0.0053518
HarryPotter_Deathly_Hallows_2_000325200_00000001.mat,5,-0.0022666,-0.006449,0.0030725,-0.0008236,0.012171,0.0027667,-0.0048992,0.004844,-0.010799,-0.002482
HarryPotter_Deathly_Hallows_2_000406280_00000001.mat,5,-0.00061676,-0.0013754,0.011268,0.0045015,0.0087739,-0.005276,-0.0063985,0.0042456,-0.00083502,-0.0010006
HarryPotter_Deathly_Hallows_2_000645280_00000001.mat,5,-0.0028216,0.018344,0.0020729,-0.0077515,0.0054273,-0.00017874,-0.0033821,0.0090096,0.0021052,0.0055153
HarryPotter_Deathly_Hallows_2_000755040_00000001.mat,5,-0.00091192,0.017679,7.10E-05,-0.0074715,0.0039824,-0.0029827,-0.0033187,0.0072901,0.0027177,0.00040563
HarryPotter_Half_Blood_Prince_000029301_00000004.mat,5,-0.0032673,0.0032693,-0.00015297,0.0028089,0.0037616,0.00012525,0.0052086,0.0069198,0.009644,-7.49E-05
HarryPotter_Half_Blood_Prince_002404654_00000021.mat,5,-0.0019793,0.018638,-0.0016851,-0.006671,0.0051635,-0.0058152,0.00018521,0.0060799,0.0017663,0.011129
HarryPotter_Half_Blood_Prince_003934614_00000048.mat,5,-0.0069619,0.016794,0.012502,0.023709,0.0081636,0.01128,0.0044237,0.0085343,0.0091473,-0.0004662
HarryPotter_Half_Blood_Prince_005739894_00000001.mat,5,-0.0070557,-0.0049335,-0.023511,0.02226,-0.010823,-0.0024879,-0.0031415,-0.0086209,-0.0025965,-0.0020352
HarryPotter_Half_Blood_Prince_010441854_00000005.mat,5,-0.003956,0.014126,-0.0092929,0.0022509,0.0086041,-0.0072675,-0.0065378,0.0017738,2.58E-05,-0.0074337
HarryPotter_Half_Blood_Prince_010827774_00000044.mat,5,-0.006939,0.013141,-0.014232,0.0058287,-0.0013079,0.010647,-0.0057928,-7.55E-05,-0.0065604,0.0065937
HarryPotter_PhilosopherStone_001030334_00000092.mat,5,-0.0021737,-0.024661,-0.010547,0.0047547,-0.0019709,-0.0077273,0.0091725,0.0056232,-0.0029493,0.0088522
HarryPotter_PhilosopherStone_001449174_00000079.mat,5,0.0013367,0.031802,0.0079685,-0.0077561,-0.0026761,0.0014193,-0.0041675,0.00092628,0.00021378,0.00069661
IAmSam_004235880_00000004.mat,5,-0.0037498,-0.0079387,0.015659,-0.0010055,0.0028581,-0.0029757,-0.0035623,0.0036888,0.00099079,0.0018533
ItsComplicated_002640847_00000053.mat,5,0.0011517,-0.00023955,0.010044,0.0070819,-0.0046907,-0.006585,-0.0033166,0.0033404,0.0016648,-0.00011505
ItsComplicated_005808207_00000001.mat,5,0.00034873,-0.011033,0.0058814,-0.0074397,-0.0056258,-0.0028325,0.0031615,-0.003531,-0.0032251,0.0016726
ItsComplicated_010404607_00000013.mat,5,-0.0019721,0.013905,-0.0082351,-0.0014945,-0.002523,0.0070556,0.0069653,0.0001311,-0.015855,-0.0055139
ItsComplicated_013107767_00000001.mat,5,-0.0020568,-0.0016099,-0.0062394,-0.0081458,0.0041585,-0.00016769,0.0016535,0.0046974,-0.0042432,-0.0044925
ItsComplicated_013152487_00000001.mat,5,4.37E-05,0.030092,0.006323,0.0039471,-0.0012255,0.0033445,0.002188,0.0051281,0.010201,-0.0024268
JennifersBody_012233486_00000001.mat,5,0.00084031,0.004216,-0.0039207,0.0001247,-0.0056608,-4.93E-05,0.0046348,0.0066159,0.0034861,-0.0032279
Juno_001030280_00000011.mat,5,-0.0037565,-0.010519,-0.0046154,0.0034485,0.0043702,0.00077239,0.00040691,0.0086176,-0.0055615,-0.0010501
Juno_001030280_00000089.mat,5,-0.0032873,-0.013954,-0.0022484,0.0028679,0.0016851,-0.0029858,0.0024643,0.0048812,-0.0024721,-0.0057048
Juno_001042480_00000002.mat,5,-0.0042033,-0.011424,-0.00068377,0.0055788,0.0017626,-0.0030389,-0.0024304,0.0028763,0.0033712,-0.0038926
Juno_004717160_00000044.mat,5,-0.0025618,-0.0028127,0.0023826,0.0014118,0.0014484,0.0095078,0.0069281,0.003101,0.0070945,-0.0022601
Juno_010702360_00000005.mat,5,-0.0017023,-0.0036629,0.0010567,-0.0080552,0.0028838,-0.0018041,-0.0036934,-0.0059965,0.00030895,-0.00413
Juno_010826280_00000076.mat,5,-0.0013526,-0.0028371,0.0033457,-0.0057682,-0.00039298,0.0065076,-0.0039203,-0.00070224,-0.0062958,-0.0028649
Juno_011559400_00000001.mat,5,-0.0054447,0.0023487,-0.0074005,0.014545,-0.0010655,-0.0009085,0.0067276,0.004477,0.0066327,-0.0062811
Juno_011622200_00000103.mat,5,-0.0025542,0.010957,0.00022702,-0.00091541,-0.0025775,0.0045434,-0.0028472,-0.0032507,0.003338,-0.0027365
Juno_011833760_00000001.mat,5,-0.0047039,-0.018959,-0.0021496,0.0093841,0.0062461,-0.018409,0.0014358,0.003923,0.0014307,-0.0041605
Juno_011845440_00000013.mat,5,-0.0041676,-0.015396,-0.0078019,0.0091569,0.0011677,-0.017617,-0.00052953,0.0023999,0.0012709,-0.0090114
LittleManhattan_004353174_00000001.mat,5,-0.0021242,-0.027585,0.018935,0.0024846,0.0030966,-0.0094522,-0.0065147,-0.0024803,-0.0022428,-0.0083787
LittleManhattan_010156083_00000001.mat,5,-0.0046523,-0.0076612,6.31E-05,-0.0035724,0.012838,0.0013076,0.010269,0.0035392,-0.00092811,0.0028279
LittleManhattan_010258723_00000031.mat,5,0.0070422,-0.034789,0.0028696,0.0058564,-0.0045799,-0.013096,0.0045703,0.0016767,0.00053551,-0.0072017
LittleManhattan_011743763_00000011.mat,5,-0.0057871,-0.016501,-0.0019028,0.01212,0.0011339,-0.013232,0.010486,0.0025965,-8.44E-05,0.0050462
MissMarch_000546640_00000065.mat,5,-0.0045836,-0.0085453,-0.011236,0.014802,-0.0041236,-0.0083213,0.0018686,0.013952,-0.0038206,-0.0076081
MissMarch_001648000_00000001.mat,5,-0.0035963,0.013874,-0.0012722,0.0010876,-0.0047625,0.0045956,-0.011312,0.00049549,0.0047773,-0.0055392
MissMarch_001928280_00000069.mat,5,-0.002586,0.00050684,-0.0087993,-0.0058014,-0.0038708,0.0018445,0.0079258,0.008431,-0.0014934,-0.0035911
MissMarch_003609600_00000040.mat,5,-0.0028826,-0.0055232,-0.0031221,0.0067955,-0.00049291,0.0044387,0.0026637,-0.001671,-0.0036329,-0.0010698
MissMarch_003648600_00000072.mat,5,-0.003011,-0.0083392,-0.0037684,6.76E-05,-0.00068194,0.001754,0.0025153,0.0012011,-0.0053934,-0.0024626
MissMarch_004011240_00000014.mat,5,-0.0014656,-0.019777,-0.0056932,-0.0098664,-0.0015253,0.0016511,0.00057461,-0.0073374,-0.002835,-0.0083947
MissMarch_004339240_00000027.mat,5,-0.0035291,-0.0015597,0.0058789,-0.00032365,0.0089204,0.0034338,-0.0072992,-0.0051581,-0.0018869,-0.0036547
MissMarch_005244360_00000007.mat,5,-0.0042859,0.00066221,-0.010062,0.0063947,-0.0020521,-0.0012442,-0.00605,0.0023561,-0.0012499,-0.002854
NanyDiaries_001456320_00000050.mat,5,-0.0030018,0.0024174,0.0014454,-0.0031078,0.0092491,0.00512,-0.0013353,0.0035723,0.0019756,-0.0026953
NanyDiaries_002901240_00000031.mat,5,-0.0039071,0.012321,-0.005253,0.0038601,0.0059041,-0.0071955,-0.0035911,-0.0025078,0.0021413,-0.0050134
NanyDiaries_002901240_00000074.mat,5,-0.0028378,-0.0087216,0.00080853,-0.0016512,0.010553,0.0078155,-0.003838,0.0038281,0.0071893,-0.0056997
NanyDiaries_004211440_00000034.mat,5,-0.0029333,-0.0020391,-0.010674,-0.0016062,0.0066207,-0.015097,0.0043298,0.0064867,0.0055554,-0.0012997
NanyDiaries_013247840_00000002.mat,5,-0.0014738,-0.018307,0.024684,0.0073452,-0.0051405,-0.0035992,-0.010337,-0.0049102,0.0060465,-0.0042732
NotSuitableForChildren_003707080_00000004.mat,5,-0.0045566,-0.027337,0.012623,0.0013984,0.00044549,0.0033317,0.0027144,0.0044872,0.001742,-0.0023188
OceansEleven_000509960_00000072.mat,5,-0.0024614,0.045519,0.003165,0.0050778,-0.0081448,-2.98E-05,-0.0076422,0.0027609,0.0047627,-0.005594
OceansEleven_003701120_00000002.mat,5,-0.002568,0.013918,-0.012533,0.0081531,-0.0028004,-0.013025,-0.0036927,0.008089,0.00031059,-0.0095947
OceansEleven_003853320_00000034.mat,5,-0.0024573,0.030169,0.0081733,-0.0026677,0.0081124,-0.0002135,-0.011826,-0.002617,0.0022997,0.0037338
AlexEmma_003716360_00000040.mat,6,-0.0014075,-0.023225,0.0014533,0.0018251,-0.0082191,0.002629,0.012411,0.0048403,0.00046869,-0.0014569
AlexEmma_004117920_00000035.mat,6,-0.0028238,-0.0022013,-0.0041047,0.0027861,0.0062611,0.011053,0.0030271,0.0013459,0.0030233,0.0010693
AlexEmma_004507280_00000060.mat,6,-0.0040179,0.018701,0.0023133,-0.0051172,0.0010611,0.0028487,-0.0038099,0.003079,-0.00027899,0.004732
AlexEmma_004507280_00000083.mat,6,-0.0010339,0.014107,0.0057308,-0.0043716,-0.0017651,0.0054678,-0.0082819,0.002778,-0.0010797,0.0030579
AlexEmma_012652960_00000060.mat,6,-0.0021798,-0.014158,0.0043476,-0.0096384,0.0007468,0.0089885,0.00064325,0.0066986,-0.0032381,-0.0012474
AlexEmma_012701000_00000070.mat,6,0.0003923,-0.031769,0.025714,0.023259,-0.0046923,-0.010191,-0.0046984,0.0050242,-0.0010686,-0.0039462
Bridesmaids_001249280_00000001.mat,6,-0.0012153,-0.024803,-0.0019104,-0.0037527,-0.0085742,-0.017221,-9.28E-05,-0.0024201,0.0022265,-0.0022892
Bridesmaids_002111840_00000001.mat,6,-0.0025359,-0.011434,6.56E-05,-0.0018722,-0.00057847,-0.0064146,0.0085141,0.0097053,0.0011557,-0.0021884
Bridesmaids_010123320_00000053.mat,6,-0.003998,-0.012281,-0.00012052,0.0045666,0.0061175,-0.0098212,0.0051132,-0.0027073,0.0040661,0.00092851
Bridesmaids_012949160_00000001.mat,6,-0.0049932,-0.013168,-0.01723,-0.0046734,-0.001025,0.0075134,0.0028261,-0.0048306,-0.00014387,0.0065932
Bridesmaids_012949160_00000012.mat,6,-0.0045956,-0.012419,-0.017366,-0.0026384,0.00039476,0.0065651,0.0021902,-0.0019646,0.0006877,0.0082856
Bridesmaids_012949160_00000031.mat,6,-0.0027879,-0.0054968,-0.0085602,-0.012641,0.0025385,0.0024905,0.0042111,-0.0023736,0.0021579,-0.00079044
Bridesmaids_014427000_00000005.mat,6,-0.0023419,-0.0049475,-0.0093891,-0.0022871,-0.0028582,0.0051962,0.016161,-0.00052858,-0.00059672,-0.0049279
Bridesmaids_014427000_00000014.mat,6,-0.0019058,-0.0022491,-0.0037123,0.00015454,-0.0018542,0.0058465,0.014971,0.0040415,0.002926,-0.0056402
Bridesmaids_014436680_00000001.mat,6,-0.001988,0.002973,-0.010877,0.0010623,-0.0078005,-0.0011311,0.015672,0.0057498,0.0022163,-0.0031068
Bridesmaids_014525280_00000001.mat,6,-0.0041544,0.001123,-0.014774,0.00041734,0.0021891,-0.0017243,0.010909,-0.0026239,0.00071038,-0.0019251
Bridesmaids_014525280_00000006.mat,6,-0.0063337,0.005364,-0.012611,0.001903,0.0014176,0.0035484,0.0134,0.0018306,0.00045132,-0.0058013
Bridesmaids_014525280_00000026.mat,6,-0.0051218,0.0032965,-0.0061627,0.002757,0.00080058,0.0096754,0.011204,-0.0034416,0.0027737,0.00098026
CryingGame_001419640_00000034.mat,6,0.00056113,0.045952,0.0076642,0.0016989,-0.0033464,0.0078065,-0.0013466,-0.0043859,-0.0074842,-0.00041257
CryingGame_001419640_00000062.mat,6,0.063066,0.04256,0.011159,0.015893,-0.0065844,0.0011195,-0.0092187,-0.0022143,-0.0012121,0.0077138
CryingGame_001419640_00000070.mat,6,0.0010352,0.019168,0.022402,0.0093302,0.00047609,-0.00082844,-0.0067459,-0.0040095,-0.0042581,0.0062041
CryingGame_001629720_00000064.mat,6,-0.0022784,0.033354,0.0079404,0.01062,0.010356,-0.00095217,-0.0085006,0.0040124,0.0029862,-0.0037389
CryingGame_001629720_00000094.mat,6,-0.00045695,0.03326,0.0090197,0.0039126,0.0085906,-0.0012165,-0.0068157,0.0043373,0.0050191,0.00023504
CryingGame_010233480_00000024.mat,6,-0.0040688,0.011686,0.0098248,0.0024582,0.0058278,-0.0073308,0.00030947,0.0062515,-0.0040962,0.0005618
DecemberBoys_000746480_00000001.mat,6,-0.00244,0.021795,-0.0068622,0.0025297,-0.0035279,0.00061265,-0.0027222,0.0011371,0.0035847,-0.0041623
DecemberBoys_002006160_00000002.mat,6,-0.0036616,-0.0069137,0.0025097,-0.011801,0.0067665,0.0071757,-0.0080888,0.0026482,0.0037368,-0.0024674
DecemberBoys_003134880_00000048.mat,6,-0.0032398,-0.0049124,-0.012515,-0.0051027,-0.0033095,0.0036417,-0.0011429,-0.00043939,0.0065762,-0.0036018
DecemberBoys_003708960_00000027.mat,6,0.16307,-0.00056925,0.015888,-0.0083037,-0.0093853,0.0025539,-0.012751,-0.0022609,0.0015696,0.00475
DecemberBoys_004141880_00000012.mat,6,0.00048983,0.0168,0.00031294,-0.010186,0.0013277,-0.0016867,-0.0052129,-0.0017311,0.0017872,0.0030733
DeepBlueSea_004711640_00000032.mat,6,-0.0045606,0.017761,-0.00044947,0.0072055,-0.0050411,-0.001086,0.00044933,-0.005039,0.0031714,-0.0025368
DeepBlueSea_004711640_00000040.mat,6,-0.0040339,0.0033985,-0.0040382,0.002147,-0.0005011,-0.0063946,-0.00057724,-0.0060678,-0.00053369,0.0015648
Descendants_002643280_00000048.mat,6,-0.00013877,-0.023434,0.0449,0.021272,0.0052532,0.0095184,-0.0037498,-0.0042992,-0.0073231,0.0029665
Descendants_002712960_00000007.mat,6,-0.0041706,-0.0074029,0.0002346,0.0043246,0.011318,-0.012919,0.0043913,0.0035781,0.003471,0.002115
Descendants_002748960_00000006.mat,6,-0.0024077,0.0050108,0.010059,0.00011775,0.011965,-0.0075734,0.0063975,0.0037946,0.0030995,0.0091608
Descendants_003221880_00000040.mat,6,0.00096593,-0.0012227,0.027552,0.0049386,-0.0057755,0.0028403,-0.0095899,0.0015238,0.00080099,0.0023906
Descendants_003224360_00000028.mat,6,-0.0020006,0.0033337,-0.015155,-0.00012026,-0.0024867,0.0020173,0.016969,0.0038395,-0.0040816,0.00010396
Descendants_003228440_00000036.mat,6,-0.0033135,0.007063,-0.013518,0.0033221,-0.0026977,0.010157,0.012011,0.0055768,0.00075565,0.0043057
Descendants_013839760_00000025.mat,6,-0.0053215,0.0086142,-0.0042674,0.015352,0.017389,0.010658,0.0039389,-0.0085512,0.0032733,-0.001454
GirlWithAPearlEarring_002013400_00000038.mat,6,-0.0045417,-0.020277,-0.013523,0.0087526,0.0088093,-0.011647,-0.0010477,0.013768,0.00096263,0.0013913
GirlWithAPearlEarring_005558720_00000035.mat,6,-0.0034556,-0.016315,0.0069248,-0.0023169,-0.0031436,0.00633,-0.0046258,0.011139,0.0043369,-0.0024059
GirlWithAPearlEarring_011003480_00000017.mat,6,-0.0027528,-0.024064,0.0073325,0.0054398,-0.00097128,0.012422,0.0036397,0.0080187,0.0037621,-0.0044726
GirlWithAPearlEarring_012424200_00000087.mat,6,-0.0022937,-0.011282,0.00028246,-0.01602,-0.0015052,0.0022647,-0.0018828,0.0059583,-0.0037153,0.00073499
GirlWithAPearlEarring_012432920_00000001.mat,6,-0.0025169,0.018775,0.025736,0.0078705,0.004255,0.0049453,-0.0091812,-0.0055148,-0.0033421,0.0061671
HalfLight_001058600_00000007.mat,6,-0.0008926,0.0080633,-0.011249,-0.0095676,0.0012174,0.0018363,-0.0027617,0.0022037,0.0024608,0.0052468
HalfLight_001058600_00000015.mat,6,-0.0011424,-0.0021799,-0.00552,-0.015956,-0.0037403,0.0005555,-0.00058116,0.00094354,0.0036756,0.0075397
HalfLight_001058600_00000021.mat,6,-0.0017301,0.026256,0.00025695,-0.0077453,0.0083628,-0.00036896,-0.0031887,0.0027754,0.0021541,0.0016382
HalfLight_004259720_00000004.mat,6,0.00023565,0.0082191,0.0018042,-0.0031455,-0.0030617,0.013461,0.0045869,0.0016306,-0.0011839,0.004835
HarryPotterAndOrderOPhoenix_002206014_00000082.mat,6,-0.0048417,0.0062242,-0.017712,0.00096504,-0.0014973,-0.0016585,0.0041655,0.013137,-0.0048349,-0.0021415
HarryPotterAndOrderOPhoenix_010620475_00000010.mat,6,-0.0045796,0.0099172,0.0018268,-0.0031279,0.0069658,-0.00085206,-0.0078601,-0.00089047,-0.0024978,0.004141
HarryPotter_Deathly_Hallows_1_000207560_00000001.mat,6,-0.0015944,-0.0028512,-0.0067411,-0.0030409,-0.008227,0.0051579,0.010848,0.0068359,0.0078182,0.0027979
HarryPotter_Deathly_Hallows_1_000217360_00000022.mat,6,4.16E-05,0.0044587,-0.002449,-0.0064994,-0.0075292,0.0082788,0.0077504,0.00706,0.0061142,0.0055084
HarryPotter_Deathly_Hallows_1_004607000_00000007.mat,6,-0.0042079,-0.01392,-0.01031,-0.0046763,-0.0061412,-0.0054195,0.0022843,0.0026384,-0.007745,-0.0032517
HarryPotter_Deathly_Hallows_1_005528520_00000001.mat,6,-0.0011756,0.044753,0.0084865,0.0092463,-0.011819,0.00020632,-0.012834,0.0049568,0.0037375,0.00027718
HarryPotter_Deathly_Hallows_1_005528520_00000026.mat,6,0.00032779,0.025533,0.017564,-0.00682,-0.012145,0.0015638,-0.011311,0.00049484,-0.0025728,0.0039823
HarryPotter_Deathly_Hallows_1_011435400_00000001.mat,6,-0.0020266,-0.011719,-0.0021699,-0.0027785,0.0020949,-0.012997,0.0064867,0.0043008,0.00085683,0.0057121
HarryPotter_Deathly_Hallows_2_000227320_00000039.mat,6,-0.002352,-0.018492,-0.0056382,-0.0066955,-0.0061465,0.00033857,0.0051321,0.001907,0.011353,-0.003204
HarryPotter_Deathly_Hallows_2_000242480_00000001.mat,6,0.0022465,-0.0069911,-0.0013299,-0.0069293,-0.0077844,0.0073496,0.01145,-0.0014711,0.012079,-0.0049738
HarryPotter_Deathly_Hallows_2_000852880_00000044.mat,6,-0.0048902,0.024859,-0.0051452,0.0079144,0.016612,-0.0053544,0.00026351,0.0055565,0.0024603,0.0017291
HarryPotter_Deathly_Hallows_2_000901520_00000051.mat,6,0.00054873,0.014109,0.0032968,-0.015852,0.00050606,0.0044366,-0.0089454,-0.00079727,-0.0036677,0.0064837
HarryPotter_Half_Blood_Prince_004424374_00000001.mat,6,-0.0041495,-0.013397,-0.0047247,0.0037036,-0.0064564,0.010839,0.013128,0.0055606,0.0048366,-0.0023998
IAmSam_003936120_00000047.mat,6,-0.0037348,-0.016143,0.0070455,-0.0017897,-0.0042081,-0.010925,0.0049799,-0.0059612,0.00085167,0.0091557
IAmSam_003936120_00000064.mat,6,0.00029441,-0.02208,0.0084582,-0.0049931,-0.0080053,-0.013722,0.0022872,-0.0098298,0.0059805,0.0017239
IAmSam_012921760_00000069.mat,6,-0.0023347,-0.0028084,-0.0012368,-7.08E-05,0.010791,-0.0035452,-0.0062302,-0.0094531,0.0029489,0.0030469
IAmSam_012921760_00000084.mat,6,-0.00010919,-0.0040093,0.0073304,0.00021228,-8.95E-06,-0.0050086,-0.0095148,-0.0036798,-0.001237,0.0013443
IAmSam_013820200_00000007.mat,6,-0.0030156,-0.016229,-0.005011,-0.00058745,-0.0014457,0.010228,0.0081231,-0.0056626,-0.0019528,-0.00059735
IAmSam_013820200_00000027.mat,6,-0.0020245,-0.014774,-0.0083443,-0.00047445,0.00083068,0.0095373,0.0064247,-0.0021355,-0.0011732,0.0017939
IAmSam_013820200_00000043.mat,6,-0.0034921,-0.018286,-0.0091837,5.34E-05,0.0038371,0.0089576,0.0031164,-0.0038451,-0.0015387,0.00099258
IAmSam_013820200_00000068.mat,6,-0.0025369,-0.010057,-0.0089699,7.68E-05,0.0036512,0.010786,0.0044728,0.00037672,0.00083897,0.0038499
IAmSam_013820200_00000090.mat,6,-0.0028183,-0.013297,-0.0077836,0.0030572,-0.00029712,0.0096668,0.0062775,-0.0032356,0.0016356,-0.00049277
IAmSam_013820200_00000113.mat,6,-0.00104,0.017901,0.011502,0.002536,0.0052532,-0.0074167,-0.0061298,0.0034404,-0.0006747,0.0012441
IAmSam_013827920_00000034.mat,6,-0.0018932,-0.014122,-0.0073659,0.0037305,-0.0035288,0.01131,0.0068695,0.00047385,-0.0032063,0.00041585
IAmSam_013827920__00000055.mat,6,-0.0021304,-0.012914,-0.0081153,0.001943,0.00075039,0.0033605,0.0097262,0.0029014,-0.010546,-0.001892
IAmSam_013827920__00000101.mat,6,-0.0041815,-0.012367,-0.011467,0.0067285,0.0018386,-0.0033177,0.0071438,-0.00028388,-0.0084407,-0.0023086
IAmSam_015653680_00000052.mat,6,-0.0011037,-0.013528,-0.0091086,-0.005987,0.0023032,-0.0033846,-0.0042063,-0.0012605,-0.0025744,7.81E-06
IAmSam_015653680_00000100.mat,6,-0.0034016,-0.0022754,-0.01022,-0.00014117,0.0013763,-0.0014758,-0.0072143,-0.0069019,-0.002201,-0.0024886
ItsComplicated_005100487_00000043.mat,6,-0.0020057,0.0032655,-0.0083476,-0.0046036,0.001291,0.0034886,-0.0044778,0.0029513,0.0052318,0.0011406
ItsComplicated_005221727_00000001.mat,6,-0.0024377,0.0037809,-0.0077914,-0.005297,0.00042849,0.0030679,-0.001094,-0.0023419,0.0032541,-0.00070782
ItsComplicated_005221727_00000030.mat,6,-0.002045,0.012016,-0.0031857,-0.0015439,-0.00084587,0.0046418,-0.0062785,-0.0023045,-0.0089297,0.00043313
JennifersBody_002410291_00000029.mat,6,-0.0050909,0.0074179,0.0020558,-0.0031691,-0.0025779,-0.0016308,-0.0094408,-0.0035863,0.00056836,0.00077026
JennifersBody_010242118_00000002.mat,6,-0.0038321,0.0080629,-0.007421,0.0013615,0.004713,-0.0037515,0.0086581,0.0050801,0.0066191,0.00014641
JennifersBody_012437771_00000033.mat,6,0.001336,0.025607,0.011278,-0.0022434,-0.001685,0.011307,-0.013127,-0.0063567,-0.0044966,0.010344
Juno_000724160_00000022.mat,6,-0.0024086,0.00015353,0.0026586,-0.0010975,0.0011912,-0.00061252,0.0053745,-0.0041656,-0.0066537,-0.0029062
Juno_000724160_00000083.mat,6,-0.0024179,-0.0086393,-0.0020276,-0.0054311,-0.0040749,0.0063264,-0.0026346,-0.0026887,-0.0035971,-0.0026214
Juno_001424560_00000010.mat,6,-0.0024506,0.024496,0.006234,0.0085596,-0.0016063,0.015622,-0.0088794,-0.0010568,-0.00078056,0.011878
Juno_001424560_00000032.mat,6,-0.0021634,0.026102,0.0088838,0.012614,0.00015563,0.014953,-0.010648,9.59E-05,0.00074817,0.011662
Juno_001426680_00000052.mat,6,-0.00086866,0.027642,0.0058701,0.011028,0.0010774,0.012848,-0.0054733,0.0016162,0.0016818,0.010518
Juno_001426680_00000063.mat,6,-0.002513,0.02624,0.0059954,0.013921,-0.0012059,0.013253,-0.0057789,0.00025765,0.00012083,0.0093196
Juno_001934160_00000002.mat,6,-0.0040623,-0.0041137,0.0069446,-0.0071617,2.14E-05,0.0089221,0.00049812,-0.00014695,-0.0038424,0.0027009
Juno_002255200_00000009.mat,6,-0.0033557,-0.021013,0.0026492,0.0026727,-0.0070859,-0.0039011,0.0072991,-0.00088087,-0.0013401,-0.0033146
Juno_002255200_00000035.mat,6,-0.0025631,-0.030528,0.0047328,-0.00038975,-0.0096124,-0.0054299,0.0029701,0.0021325,-0.00091501,0.0013474
Juno_010702360_00000058.mat,6,-0.0049076,-0.0068767,-0.0050484,0.0022048,0.0057702,-0.005117,0.0082341,0.0007742,-0.0038474,0.0094285
Juno_011833760_00000059.mat,6,-0.0057931,-0.025102,-0.0023118,0.006268,0.00035531,-0.015135,0.0026691,0.0020336,0.0010969,-0.002455
Juno_011833760_00000071.mat,6,-0.003791,-0.024265,0.0038722,0.0031069,0.0058304,-0.013038,6.61E-05,0.0048688,0.00094855,-0.0046966
LittleManhattan_000150854_00000034.mat,6,-0.0035541,-0.0070747,-0.0064403,-0.013698,0.0059889,-0.0014272,-0.0092171,0.0022716,-0.0026395,0.0022031
LittleManhattan_000150854_00000041.mat,6,-0.004057,0.0044142,-0.010609,0.011097,0.0093634,-0.010515,-0.0068616,0.0070163,0.00025706,-0.0069332
LittleManhattan_000451774_00000001.mat,6,-0.0062843,0.0085577,-0.0080508,0.003628,0.0098663,0.0062722,-0.0064733,0.01053,-0.0056026,0.0051523
LittleManhattan_010224243_00000001.mat,6,-0.0028873,-0.01844,-0.00015758,-0.0023306,0.0068744,-0.010461,-0.0028851,0.0046086,0.0031053,-0.0063161
LittleManhattan_010438843_00000046.mat,6,-0.0050979,0.0051893,0.0025898,0.011789,0.0042376,-0.00035025,-0.0057372,0.010491,0.0021888,-0.0029898
LittleManhattan_010724803_00000067.mat,6,-0.0051254,-0.012599,-0.021456,0.0098941,-0.0098101,-0.0032649,0.012553,-0.00021646,-0.0046967,-0.0053181
LittleManhattan_010730723_00000094.mat,6,0.0010521,-0.0037678,-0.0011267,-0.010654,-0.00056004,0.0090191,-0.0078414,0.0055027,0.0040085,-0.00042042
21_001404920_00000004.mat,7,-0.0020909,-0.023872,-0.0098115,0.0092157,-0.013423,-0.012594,0.0084382,-0.0068028,0.00082499,-0.0041783
21_001404920_00000016.mat,7,-0.0037955,-0.02756,-0.0088066,0.010446,-0.0078749,-0.016234,0.0063466,-0.001932,0.0079826,-0.0072692
21_002221960_00000007.mat,7,-0.0034619,0.0055221,0.017803,0.017002,2.84E-05,-0.00013842,-0.0059713,-0.0033372,0.0044756,-0.0033462
ACaseofYou_000353800_00000027.mat,7,-0.0071543,-0.012828,-0.018662,0.011179,0.00059324,0.0042864,0.00079612,-0.0068612,0.006771,-0.008258
ACaseofYou_002730440_00000031.mat,7,-0.0054189,-0.020347,-0.017162,0.019324,-0.0054781,-0.019926,0.0044131,-0.011894,0.0072849,0.0022082
ACaseofYou_002730440_00000038.mat,7,-0.0060077,-0.010895,-0.005831,0.0091617,-0.003824,-0.017438,0.0066295,-0.0059924,0.0053693,0.010045
ACaseofYou_002730440_00000051.mat,7,-0.0043384,-0.009998,-0.0038465,0.010116,-0.0052048,-0.017378,0.0070165,-0.0047267,0.0036361,0.013373
ACaseofYou_003118400_00000013.mat,7,-0.0051863,0.0072346,-0.013099,0.0036279,-0.0017646,-0.013184,0.0045784,0.0064511,0.00085125,0.0079383
ACaseofYou_003118400_00000044.mat,7,-0.0048184,-0.0001693,-0.012646,-0.002536,0.0006077,-0.014486,0.005764,0.0052291,0.0017357,0.0069316
AboutABoy_000919327_00000007.mat,7,0.064757,-0.039428,0.062508,0.028128,0.00019236,-0.0063515,-0.010529,0.0043927,0.0023738,-0.00056229
AboutABoy_000919327_00000013.mat,7,0.005816,-0.038274,0.061746,0.015033,3.97E-05,-0.0018342,-0.0068586,0.00023735,0.0039783,-0.0012033
AboutABoy_000919327_00000015.mat,7,0.002246,-0.03242,0.052959,0.011265,0.0019204,-0.0015682,-0.0071269,0.0038503,0.00029553,0.0033227
AlexEmma_001232400_00000013.mat,7,0.00050487,0.0086798,0.0060345,-0.011262,-0.0044425,-0.00026508,-0.001266,0.002181,-0.00054802,0.0019058
AlexEmma_002117120_00000001.mat,7,-0.0029845,0.019798,-0.0024445,0.0037293,-0.0057156,0.0047265,0.0044778,-0.0011076,-0.013046,-0.0076952
AlexEmma_002117120_00000032.mat,7,-0.0045435,0.023225,-0.0062408,0.004862,-0.0054244,0.010004,0.0040895,0.0024829,-0.012698,-0.0047848
AlexEmma_010615240_00000022.mat,7,-0.0017808,0.017448,-2.60E-06,-0.007395,0.0011721,0.0026839,-0.0026855,-0.0082922,0.0057447,0.00068429
AlexEmma_011829680_00000019.mat,7,-0.0029092,0.017644,0.0020011,-0.0049394,-0.0035939,0.012161,-0.0022488,-0.0087679,0.0029853,0.0018797
AlexEmma_011829680_00000059.mat,7,-0.0020036,-0.021048,-0.011158,-0.0038975,-0.011327,-0.015278,0.0066062,0.0029039,0.0024301,0.00037851
AndSoonCameDarkness_005534800_00000020.mat,7,-0.0022545,-0.010903,0.011664,0.0014285,0.00059383,0.0028839,-0.0067161,-0.0055404,-0.0053601,0.00022688
Bridesmaids_000059880_00000001.mat,7,-0.00028959,0.0092702,0.0029822,-0.0052163,0.0028307,-0.00019454,-0.0078985,-0.0022039,-0.00089264,0.0037595
Bridesmaids_000519240_00000001.mat,7,-0.005337,0.023355,-0.01498,0.0080501,0.0088746,-0.0069664,-0.0045539,-0.004065,0.0049383,-0.006548
Bridesmaids_001604640_00000001.mat,7,0.0028952,-0.0017708,0.011055,-0.0081793,0.0043589,0.0020555,0.00081271,0.0014276,0.00084532,-0.00012804
Bridesmaids_010123320_00000043.mat,7,-0.0037422,-0.0072469,-0.006769,-0.00046873,0.005558,-0.012871,0.0036258,0.002047,0.005797,0.00017259
Bridesmaids_012726680_00000001.mat,7,-0.0002764,-0.010825,-0.0019925,-0.0051977,0.00067903,-0.0085157,0.0057212,0.002348,0.001144,0.0042218
Bridesmaids_015143720_00000011.mat,7,-0.0044224,0.0060853,0.00060381,0.0042171,0.0053262,0.0042122,0.0075752,0.0056701,-0.0026138,-0.0048196
Contraband_001454480_00000004.mat,7,0.0031383,-0.0080277,-0.0092495,-0.0013559,0.010802,-0.00067306,-0.0095537,-0.0096034,0.00039193,-0.002034
Contraband_001454480_00000040.mat,7,-0.0027556,-0.0042316,-0.0089528,-0.003688,0.006469,-0.0013045,-0.0085672,-0.0083719,-0.00014758,3.71E-05
Contraband_005110000_00000004.mat,7,-0.0014569,0.049303,0.0096768,0.0063614,-0.0013021,-0.00103,-0.00012731,0.0058562,0.0050358,0.01613
CryingGame_005242000_00000028.mat,7,-0.00038672,-0.0042896,0.025249,-0.0049127,0.002537,0.0068126,-0.006683,0.0010618,0.0021453,0.0017954
DeepBlueSea_005733200_00000101.mat,7,-0.0023695,0.032806,0.0029561,-0.0081588,0.0026935,0.0020203,-0.0086118,0.00086881,-0.0057345,0.0010739
GirlWithAPearlEarring_001549320_00000048.mat,7,-0.0047227,0.017445,-0.0054207,0.0053079,-0.0080887,0.012767,-0.0019117,-0.0084491,-0.0038858,-0.00054151
GirlWithAPearlEarring_003258400_00000031.mat,7,-0.0056786,-0.043786,0.022438,0.035697,0.0093392,-0.0042159,-0.006444,-0.011784,7.37E-06,-0.0022913
GirlWithAPearlEarring_004432000_00000009.mat,7,0.00051504,-0.0078178,0.011516,0.0026303,-0.010597,-0.0034688,-0.0096984,-0.0033392,-0.006728,-0.0010462
GirlWithAPearlEarring_004432000_00000028.mat,7,0.0059605,-0.00077255,0.02074,0.0067164,-0.011739,0.0020891,-0.0082259,-0.0025799,-0.008366,-0.00018423
HalfLight_013746920_00000006.mat,7,-0.00056673,0.012702,-0.0028396,-0.0061279,-0.0062194,0.0089834,0.0066075,0.0030398,0.010168,-0.0013177
HarryPotter_Deathly_Hallows_1_001610960_00000028.mat,7,-0.0050116,0.01674,-0.0085784,0.017071,-0.0035114,-0.0035671,0.013202,0.0036993,0.0080616,-0.0075017
HarryPotter_GobletOfFire_000652814_00000027.mat,7,-0.0013916,0.011251,0.0015359,-0.0046525,0.0027252,-0.0075152,-0.0019761,0.0018523,0.0036793,0.0021458
HarryPotter_GobletOfFire_000658734_00000001.mat,7,-0.00022906,0.011616,0.006139,0.006068,-0.001023,-0.007161,-0.0064103,-0.00039595,0.0010905,0.0010646
HarryPotter_PhilosopherStone_003424334_00000010.mat,7,-0.0037293,-0.026824,0.014465,-0.0042177,-0.0035028,-0.0047911,0.0019407,-0.0077952,0.0024594,0.0027502
HarryPotter_PhilosopherStone_003440294_00000011.mat,7,-0.0034582,0.0067394,-0.0089002,0.0019175,-0.00099891,0.0044693,-0.0040277,0.00099316,0.0026253,0.00082637
IAmSam_000311160_00000001.mat,7,-0.0048644,0.022563,-0.0018767,0.011225,0.0077201,-0.011404,-0.0034936,-0.0023227,0.00092615,-0.0028236
IAmSam_002339320_00000003.mat,7,0.00038465,-0.002566,0.011069,-0.0059089,0.004695,-0.0044021,-0.0047751,0.00024919,-0.0016801,-0.0018984
IAmSam_003343120_00000013.mat,7,-0.0042412,0.0097909,-0.00063471,0.0064309,0.0050261,0.002161,-0.00060307,-0.0039544,0.0018114,0.0016572
ItsComplicated_003722087_00000051.mat,7,-0.0023084,-0.018267,-0.0061293,-0.0037356,-0.0060924,-0.00061498,0.0078781,-0.0067528,-0.0020467,0.00057936
JennifersBody_003236644_00000001.mat,7,-0.0041127,0.0045414,-0.015406,-0.00074922,0.0022672,-0.0012422,0.0013763,-0.0040378,0.0026344,-0.0065689
JennifersBody_005841913_00000029.mat,7,-0.0023756,0.0084191,0.002129,0.0052683,-0.0001857,-0.0051558,0.0016352,-0.0072984,-0.0020787,0.0010756
Juno_003321880_00000019.mat,7,-0.0035925,-0.0040638,-0.0039562,0.0014584,0.0010799,-0.010213,0.0024931,0.0047038,-0.0031667,0.0081875
Juno_004717160_00000054.mat,7,-0.0034462,-0.013521,-0.0090608,-0.00055847,0.0010599,0.0096827,0.00035146,0.0010865,-0.0014143,0.0023219
Juno_010939560_00000065.mat,7,-0.0011881,-0.0059245,0.014357,0.00075241,0.003419,0.0075587,-0.0074805,-0.00057336,-0.0031328,0.00058566
LittleManhattan_000102534_00000036.mat,7,-0.0012871,-0.0036898,-0.0065253,-0.0099376,0.0071736,0.0069329,-0.005031,-0.00095888,0.0031852,-0.0024787
LittleManhattan_000427934_00000057.mat,7,-0.0051214,0.00055599,0.0047371,0.0068335,0.0028446,0.0070737,0.0052333,0.0059545,-0.0044346,-0.0053424
LittleManhattan_001740654_00000012.mat,7,-0.0020628,-0.019614,0.0039791,0.0044049,-0.00061279,-0.013457,-0.0062439,-0.00097807,0.00081118,-0.0090522
LittleManhattan_002601134_00000019.mat,7,-0.0032068,0.0085998,-0.0025191,-0.0031182,0.0048095,0.0017421,-0.0013489,-0.0054041,-0.0044102,-0.0018899
MarotAtTheWedding_010431280_00000042.mat,7,-0.0035999,-0.0020345,0.0068817,-3.04E-05,0.0058244,0.0071783,0.0038467,-0.0020808,0.0027422,0.00068556
MissMarch_000157760_00000024.mat,7,-0.0033298,0.0041575,0.0029967,0.010777,-0.0030857,-0.0055668,-0.0072121,0.00084631,-0.00037884,-0.0029605
MissMarch_001648000_00000057.mat,7,-0.0031957,0.023713,-0.0024929,-0.0031635,0.0064471,0.0026782,-0.0081191,0.0032108,0.0016791,-0.010225
MissMarch_002519000_00000015.mat,7,-0.0038061,0.0032775,0.0066519,0.0072277,-0.00056475,0.0052573,0.0039351,0.0045935,-0.00049679,0.0047556
MissMarch_003609600_00000080.mat,7,-0.0048797,-0.002943,-0.006745,0.0015409,-0.0086546,0.0064396,0.0018045,0.0048433,0.00072003,-0.0023776
MissMarch_004011240_00000085.mat,7,0.0012023,-0.010585,0.016183,-0.0080833,-0.0080623,0.0091717,0.0012497,-0.0019122,-1.83E-05,0.0015199
NanyDiaries_000814440_00000074.mat,7,-0.0020462,0.024828,0.0070056,-0.0012134,-0.0011367,0.0013814,-0.013089,0.0028306,0.0023545,0.0038561
NanyDiaries_000851240_00000001.mat,7,6.33E-05,-0.01421,0.005723,-0.0064818,-0.0026363,-0.0052462,0.0030342,0.0052595,0.0002154,0.0037818
NanyDiaries_000909960_00000031.mat,7,-0.0050742,-0.00066791,0.007645,0.0091278,-0.0023815,0.011086,0.010065,0.0036945,0.0033728,-0.00048166
NanyDiaries_004118480_00000001.mat,7,-0.0029852,0.01515,-0.0050058,-0.00075195,-0.0068767,-0.0048134,-0.0038723,0.0084341,-0.0011874,0.0050857
NanyDiaries_004118480_00000017.mat,7,-0.00044628,0.0081478,0.0032886,-0.010846,-0.0080827,0.0069966,-0.001686,-0.0015917,0.0072733,0.0045542
NanyDiaries_004118480_00000047.mat,7,-0.0019179,0.0024428,0.0040919,-0.0087705,-0.0011919,-0.0064886,-0.0014015,0.0045227,0.0035885,0.0032734
NanyDiaries_004216040_00000057.mat,7,0.0003525,0.0032554,0.0024656,-0.0012605,-0.0063029,-0.0067917,0.0055409,0.0023271,0.0085049,0.0022421
NanyDiaries_005149560_00000015.mat,7,-0.0040573,0.00078567,-0.014985,0.00023747,-0.0040107,-0.0016741,0.0044477,-0.011658,-0.0014981,-0.00085026
NanyDiaries_005401880_00000001.mat,7,-0.005501,-0.0073142,-0.0039072,0.00033938,0.0049853,-0.0076683,-0.0013462,0.0098989,-0.0029791,0.0024471
NanyDiaries_010039560_00000001.mat,7,-0.0055668,-0.0091951,-0.0087071,0.012376,-0.00018778,-0.0099476,0.0030442,-0.0005273,0.0064784,-0.0054836
NanyDiaries_010039560_00000045.mat,7,-0.0044675,-0.0074177,-0.0076274,0.01243,0.0022943,-0.011903,0.00073072,-8.34E-06,0.0049601,-0.0063949
NanyDiaries_012341120_00000019.mat,7,0.00034164,-0.0059929,0.012301,0.0082529,-0.005175,0.0076192,0.0078104,0.0015103,0.015906,-0.0015954
NanyDiaries_012341120_00000036.mat,7,-0.0011463,-0.0047325,0.013481,0.0067063,-0.0052147,0.0072681,0.0052475,-0.00031804,0.014135,-0.0017389
NotSuitableForChildren_002523280_00000001.mat,7,-0.00047253,-0.0032966,0.0070046,-0.0052614,-0.0062945,0.0082342,0.0031179,0.00057853,-0.0082279,0.00042774
NotSuitableForChildren_004004880_00000106.mat,7,-0.0048007,-0.0067033,0.0082928,0.012541,-0.00050874,0.0048683,0.002599,-0.010271,-0.012209,-0.0053845
NotSuitableForChildren_004319360_00000006.mat,7,-0.0041938,-0.021928,0.0028856,0.0099048,0.0093498,-0.0093839,0.0096811,0.0081518,-0.0024409,0.0094895
NotSuitableForChildren_004319360_00000012.mat,7,-0.0059925,-0.019315,0.0068657,0.0089184,0.011961,-0.0065495,0.0075278,0.0083139,-0.00020598,0.0085274
NotSuitableForChildren_004545840_00000016.mat,7,-0.0058974,-0.0088965,-0.0011557,0.011682,0.0045473,-0.0097528,0.0068759,-0.0037521,0.0069008,0.0021594
NotSuitableForChildren_004545840_00000035.mat,7,-0.0037953,-0.0028876,-0.0063073,0.0047088,-0.0010368,0.0093191,0.002577,0.0024212,0.0078049,-0.0042945
OceansThirteen_003133720_00000043.mat,7,-0.0014697,-0.020577,-0.0073343,-0.0069306,0.00054859,0.00044104,0.004262,-0.0054239,-0.0025619,-0.0031154
OceansThirteen_004050280_00000084.mat,7,-0.0069549,-0.0040848,-0.021305,0.0078926,-0.0014479,-0.014707,-0.004275,-0.00064477,0.00066033,-0.011857
OceansThirteen_013244600_00000014.mat,7,-0.002824,0.0355,0.0057573,0.010734,-0.0022142,0.0056683,-0.0073231,-0.0017827,0.0014436,-0.0068888
OceansTwelve_002728760_00000042.mat,7,-0.003348,-0.0085007,0.0028107,-0.00023619,-0.00067045,0.0076356,0.0070117,-0.0015146,0.003653,-0.0034027
OceansTwelve_002840120_00000025.mat,7,-0.0032764,-0.018619,-0.00073095,-0.0065119,0.0060022,-0.0029669,-0.0038307,-0.0070638,0.0049036,-0.0068107
OceansTwelve_002840120_00000045.mat,7,-0.0025199,-0.0031768,-0.0003471,-0.0073054,-0.0049256,0.005103,-0.0071893,-0.0034264,0.00029549,0.0018491
OceansTwelve_003845720_00000019.mat,7,-0.00043119,-0.024152,0.0080548,0.001089,-0.0057418,-0.009695,0.0064029,-0.00085622,0.0019041,0.0070355
OneFlewOverCuckooNest_004519160_00000041.mat,7,-0.00041456,0.0010508,0.014955,-0.0085631,9.54E-06,0.010272,-0.0019041,0.00043507,-0.0017292,0.0054144
OneFlewOverCuckooNest_015337240_00000001.mat,7,-0.0012861,-0.0068064,-0.0040283,-0.0070402,0.0059544,-0.0050713,-0.004303,-0.0029631,-0.0022397,-0.0025673
PursuitofHappiness_001943720_00000032.mat,7,-0.0045143,0.014148,-0.006005,-0.00037748,0.0048253,-0.00056958,-0.0057759,-0.0037523,-0.0010884,-0.0060503
RevolutionaryRoad_001913160_00000030.mat,7,-0.0024749,-0.0060354,0.0063173,0.0020214,0.0041585,0.011052,0.0055441,0.0049661,-0.0038322,-0.00054939
RevolutionaryRoad_011809840_00000001.mat,7,-0.0033491,-5.63E-05,0.0021019,-0.0040093,0.003428,0.0074712,-0.0015658,0.0060852,-0.0053176,0.0037137
Serendipity_000510447_00000001.mat,7,-0.0014769,-0.010745,-0.0034189,-0.0011127,-0.0030766,-0.005475,0.011454,-0.00073544,0.0017273,0.0093142
SocialNetwork_003715767_00000001.mat,7,-0.0062199,0.0044033,-0.00050636,0.0041339,0.0082131,-0.0047117,-0.0086844,-0.0019953,-0.00038244,-0.0074211
SocialNetwork_014140967_00000001.mat,7,-0.0064082,-0.0082241,-0.0087394,0.0058731,0.0047683,0.00066908,-0.0042406,0.0029192,-0.0030566,-0.0079508
SomethingBorrowed_011805560_00000030.mat,7,-0.003071,-0.00088965,0.0028455,0.0059538,-0.010736,0.0052761,0.011134,0.004901,0.0032332,-0.0046514
Terminal_004946320_00000059.mat,7,-0.0018213,-0.023155,0.0023792,0.0046021,-0.0068582,-0.01728,0.0032313,-0.012975,0.0051301,0.0089657
ThereIsSomethingAboutMary_005941880_00000024.mat,7,-0.0031795,-0.011447,-0.0056208,-0.00034707,-0.0017186,0.0075034,0.0034177,0.0086261,-0.0044558,-0.0011372
ThereIsSomethingAboutMary_005941880_00000039.mat,7,-0.0050637,-0.017186,-0.019024,0.0095169,0.006312,-0.0028243,-0.0019327,-0.0064883,-0.010634,-0.0087746
ThereIsSomethingAboutMary_013959520_00000021.mat,7,-0.0034142,-0.0092669,0.015782,0.0053251,0.0058408,-0.0056811,-0.0078263,-0.0074284,-0.0014856,0.0014188
YouveGotAMail_000426174_00000017.mat,7,-0.0018546,-0.011636,-0.00011842,0.0029051,0.0010231,0.001725,0.0072688,0.0065521,0.0019356,-0.0050888
YouveGotAMail_004825734_00000001.mat,7,-0.00036269,-0.016469,0.0065545,-0.0054766,-0.001798,0.0011219,0.0027383,0.0030233,-0.0019641,-0.0016904